792.926208;697.950989;1558.147705;864.536743;676.444214;1589.602661;914.812500;676.511719;1487.226929;907.909973;717.156982;1262.929688;891.168213;689.340027;1480.986572;1016.733826;932.939636;1895.034668;1098.137329;916.304749;1918.001587;1136.031982;916.634155;1829.665527;1126.369507;940.356079;1606.677979;1114.597046;925.513000;1809.207275,./data/jaffe/KA.AN1.39.tiff,4,
847.895630;734.973511;1398.084473;898.570129;750.670898;1454.793701;961.673706;753.123657;1385.372559;984.327332;821.652893;1096.567017;930.896301;814.209473;1385.068115;1083.905884;982.663330;1721.323486;1139.914062;997.381287;1762.636475;1197.788208;994.941956;1696.542358;1214.353271;1044.236206;1415.563110;1173.988281;1042.797241;1689.433228,./data/jaffe/KA.AN2.40.tiff,4,
923.936401;800.003418;1460.644775;979.387878;780.736328;1583.110840;1036.066528;793.066223;1523.234253;1062.631470;868.078674;1201.661499;1001.414856;857.928589;1515.608032;1165.004517;1054.802734;1871.328735;1230.960938;1042.163452;1959.379272;1284.431519;1051.116821;1881.812134;1303.733765;1104.140625;1570.572021;1255.298462;1097.344360;1870.172974,./data/jaffe/KA.AN3.41.tiff,4,
942.532227;950.423767;1714.767944;976.841309;945.481628;1792.717773;1048.366699;942.276367;1736.972412;1047.911621;1005.524719;1538.372925;986.318359;986.050842;1736.244263;1192.668213;1206.474487;2092.787354;1247.629517;1208.422363;2152.394287;1312.990601;1202.520996;2104.510498;1305.868774;1240.807373;1904.149170;1256.220825;1228.015137;2088.746338,./data/jaffe/KA.DI1.42.tiff,2,
925.923889;926.687500;1649.725220;975.203186;905.277283;1714.152710;1053.617676;912.667542;1689.837280;1040.765991;982.262146;1490.007324;1000.721985;965.777283;1659.192261;1187.996704;1188.690674;2046.541626;1252.745850;1173.777222;2098.602539;1326.203979;1174.843628;2076.505615;1303.157837;1218.522095;1872.595215;1272.687500;1211.282227;2034.297485,./data/jaffe/KA.DI2.43.tiff,2,
897.585571;979.406677;1920.360107;942.919800;958.570374;2005.722046;1015.395691;957.372070;1972.291992;990.962891;1019.626770;1642.410400;947.345703;1010.840942;1866.114990;1161.796387;1256.587036;2316.214111;1223.283447;1236.378906;2385.319580;1298.938110;1227.994629;2353.794189;1268.095459;1271.112183;2031.080933;1231.741943;1264.296509;2250.810059,./data/jaffe/KA.DI3.44.tiff,2,
820.143616;889.868408;1746.654175;844.508179;877.436951;1828.750854;930.371033;890.812988;1744.115112;927.322937;993.375549;1513.139038;895.206055;932.790161;1776.938477;1069.635498;1138.861450;2109.821289;1112.470825;1132.955566;2179.976318;1184.671997;1152.916016;2095.385010;1181.962280;1229.748047;1880.456787;1150.871704;1173.504761;2124.519531,./data/jaffe/KA.FE1.45.tiff,3,
888.510559;944.399841;1730.048340;907.594788;929.906677;1807.720337;976.530945;949.213013;1738.322144;974.513428;1038.184082;1499.021240;906.199646;991.234802;1768.564697;1139.738647;1192.399658;2080.402100;1182.734863;1190.258301;2150.750000;1246.795654;1205.027222;2093.401855;1238.346191;1274.172485;1859.634644;1181.744751;1235.639282;2109.157959,./data/jaffe/KA.FE2.46.tiff,2,
915.719177;927.285156;1665.629517;919.601807;873.290466;1774.188843;1008.664795;864.851196;1733.751587;1025.522217;978.571350;1560.746094;944.615417;898.389160;1722.277588;1142.910522;1145.928955;2061.340820;1175.236450;1115.492920;2163.791504;1261.901001;1114.156616;2099.495850;1271.038086;1203.403931;1928.833862;1200.528198;1130.689697;2082.477539,./data/jaffe/KA.FE3.47.tiff,3,
880.163513;890.892090;1649.536011;943.333801;838.777588;1749.300415;1000.882202;837.482300;1730.596069;1064.301392;977.341309;1585.919312;999.552246;849.145630;1722.732910;1084.151001;1097.356812;2061.047363;1165.331421;1061.713257;2136.670166;1209.875977;1073.027466;2113.947754;1263.531982;1180.004395;1964.072388;1211.012817;1065.239258;2105.343750,./data/jaffe/KA.FE4.48.tiff,3,
1161.598755;1136.827515;1967.122925;1232.215820;1111.560425;2007.291260;1261.963989;1092.366455;1980.258301;1242.961304;1118.512085;1956.791138;1217.171631;1120.190430;1998.572998;1378.955688;1366.907593;2344.214355;1465.124634;1352.225342;2368.567139;1489.996704;1338.998047;2341.609619;1470.027466;1350.178345;2293.650146;1449.626953;1356.891724;2362.646729,./data/jaffe/KA.HA1.29.tiff,1,
1101.550293;1070.416626;1915.911865;1152.499634;1062.687744;1942.922241;1220.593140;1069.315063;1856.584839;1195.386597;1107.036255;1802.062500;1184.456177;1081.236694;1882.264771;1333.611084;1287.300415;2286.746338;1400.854126;1288.245483;2303.401855;1462.622681;1295.896362;2223.900635;1441.136719;1322.430054;2144.784424;1426.936157;1302.833740;2246.253418,./data/jaffe/KA.HA2.30.tiff,1,
1105.784180;1156.338989;2125.514160;1164.217407;1126.637573;2146.562988;1234.717896;1125.738403;2079.358398;1186.590820;1176.283447;1875.991943;1192.893677;1164.544067;2053.304932;1349.880005;1386.355225;2505.612061;1428.519165;1374.613770;2515.329834;1487.424438;1381.175049;2459.909912;1443.306641;1413.814453;2232.756348;1447.280029;1406.033447;2426.750000,./data/jaffe/KA.HA3.31.tiff,1,
920.487671;920.764465;1693.665161;971.604980;905.967834;1722.246826;1029.435913;878.395325;1684.247559;1011.887756;982.111694;1527.714600;994.736023;921.344482;1661.793823;1172.860352;1149.992920;2074.910156;1240.652466;1149.408325;2100.686279;1284.271729;1144.753784;2070.153564;1267.131104;1223.996826;1882.223877;1254.887451;1175.259399;2038.541504,./data/jaffe/KA.HA4.32.tiff,1,
1202.593506;1161.536865;2056.005615;1250.226440;1168.466064;2126.433105;1327.916260;1164.856934;2065.291992;1323.245117;1214.089478;1845.394897;1289.746704;1193.151611;2055.285645;1445.396118;1395.079590;2430.130371;1508.050659;1406.460083;2476.553223;1579.924927;1402.950439;2425.264160;1578.643188;1445.413452;2192.532471;1546.877686;1428.973633;2411.291504,./data/jaffe/KA.NE1.26.tiff,1,
1114.726807;1063.756836;2038.756470;1164.003784;1070.115479;2098.086182;1235.675781;1065.643188;2040.454712;1234.781616;1104.821045;1820.186401;1208.592896;1093.414673;2031.568115;1349.764893;1293.417480;2397.271729;1414.126221;1303.151123;2435.554443;1475.999512;1299.076904;2391.040283;1480.760376;1330.884644;2162.677002;1455.301270;1323.657227;2379.451172,./data/jaffe/KA.NE2.27.tiff,1,
1059.875244;1020.660889;2005.979614;1118.282959;1011.902588;2072.459961;1191.837402;1024.594971;2004.782104;1186.608276;1075.926147;1791.018677;1167.241333;1051.290039;1998.174194;1293.501831;1250.284668;2375.044678;1369.505249;1251.696533;2418.389648;1431.369141;1260.888794;2357.703125;1432.051636;1301.986938;2142.807129;1410.646606;1281.594604;2351.743652,./data/jaffe/KA.NE3.28.tiff,1,
1068.589233;1086.504883;2024.221191;1147.072144;1096.300781;2110.552002;1213.975952;1088.604980;1991.948853;1211.675049;1132.028442;1784.958740;1190.862549;1098.476074;2008.099854;1315.411133;1315.987671;2408.599121;1402.956055;1328.317505;2462.958496;1464.791138;1319.564331;2357.097656;1460.051025;1353.144653;2144.927490;1442.422974;1334.878174;2368.441650,./data/jaffe/KA.SA1.33.tiff,2,
927.564087;953.354065;1719.679321;981.191345;984.297668;1765.604004;1062.968384;1006.268066;1669.792725;1053.714111;1054.067871;1444.146484;1025.144165;1027.392700;1697.326294;1165.172363;1173.448853;2055.711914;1227.560669;1209.162842;2078.490479;1303.403687;1227.198242;1991.662842;1294.608032;1263.104004;1758.283325;1266.760498;1243.107788;2013.955933,./data/jaffe/KA.SA2.34.tiff,2,
1082.734985;1111.099609;2094.105713;1138.394531;1104.507324;2123.200684;1205.766846;1097.045288;1996.228760;1181.898682;1137.939575;1725.066162;1146.941528;1111.909912;1986.065796;1314.897583;1334.330444;2439.182861;1385.321899;1335.130615;2460.461670;1448.242554;1324.821289;2355.060791;1425.486450;1351.539429;2067.378418;1389.740601;1333.503784;2331.603271,./data/jaffe/KA.SA3.35.tiff,2,
977.946899;1085.400024;2110.384766;1034.566528;1059.917358;2184.382812;1119.116211;1071.869019;2116.032715;1116.022217;1141.033691;1880.234863;1074.329834;1083.998413;2073.542725;1192.536011;1277.932861;2437.441650;1267.621704;1263.211548;2493.935303;1338.656616;1282.383789;2438.183105;1339.088623;1332.717163;2199.026123;1293.410278;1286.148804;2393.485596,./data/jaffe/KA.SU1.36.tiff,3,
1115.026978;1055.746460;1889.290039;1166.694946;1045.830688;1979.149902;1259.752686;1065.601196;1893.158203;1256.393555;1128.655762;1714.349976;1205.834351;1087.035400;1889.647827;1319.936279;1253.806641;2243.203125;1391.176025;1252.296875;2315.231934;1472.516724;1277.586792;2225.589600;1473.861816;1328.747681;2053.257812;1419.548340;1289.865356;2229.306641,./data/jaffe/KA.SU2.37.tiff,3,
903.112244;805.304810;1439.256958;944.544434;786.134521;1507.434082;1036.732422;809.971863;1547.047119;1038.522705;909.330627;1343.415771;988.053223;811.970825;1569.874512;1124.393066;1015.548828;1801.990601;1187.389282;1006.199646;1870.566528;1265.628418;1032.690796;1894.162109;1270.596436;1112.674194;1710.310913;1218.911133;1030.768677;1906.264526,./data/jaffe/KA.SU3.38.tiff,3,
1073.708740;1008.054016;1846.498535;1109.852417;949.177795;1937.486084;1165.351196;951.804993;1884.100342;1169.725952;983.947998;1700.725830;1152.251465;960.020569;1840.738770;1303.356934;1228.562500;2161.147217;1353.070435;1190.982666;2224.559570;1395.034668;1186.425537;2181.011230;1397.187500;1203.390259;2036.924438;1392.528687;1193.578491;2159.947998,./data/jaffe/KL.AN1.167.tiff,2,
1083.861206;1026.026489;1756.141968;1149.930542;1003.119751;1837.775879;1185.494019;1003.615479;1786.589722;1201.066650;1023.940369;1634.830444;1186.164185;1002.003479;1747.556885;1292.820068;1239.855957;2057.303711;1368.141479;1226.259399;2116.285645;1394.164917;1227.173096;2076.469238;1401.403931;1233.149658;1952.709595;1398.376953;1222.632202;2056.512451,./data/jaffe/KL.AN2.168.tiff,2,
1025.082031;986.188904;1681.112305;1069.927124;952.250183;1752.419800;1127.908325;924.733459;1752.931030;1120.711914;954.614807;1553.985352;1106.965576;927.042114;1723.229858;1246.088623;1196.982422;2007.415039;1302.327881;1179.261108;2054.827637;1356.049683;1153.669312;2057.760254;1347.179565;1167.524292;1898.677368;1342.770630;1154.673218;2037.653931,./data/jaffe/KL.AN3.169.tiff,2,
1078.063110;988.809265;1698.957275;1109.901855;910.669678;1811.608276;1138.510742;875.863953;1815.409302;1154.439941;828.426453;1724.194702;1142.424561;880.231934;1706.353882;1309.407471;1214.010864;2045.679077;1358.113037;1159.100952;2127.645508;1372.477783;1112.669556;2135.816895;1387.430298;1055.575195;2053.537842;1382.258423;1117.203125;2061.686035,./data/jaffe/KL.DI1.170.tiff,2,
1103.411255;1050.207520;1864.184814;1144.459106;977.364075;1968.082031;1164.994141;935.517029;1967.799561;1177.298706;935.492554;1848.053101;1162.675049;942.459656;1912.444336;1346.189819;1288.888306;2220.623291;1407.056030;1240.056519;2297.157959;1414.103516;1190.880249;2304.675293;1423.703369;1166.468384;2191.957764;1420.511841;1195.421021;2269.220947,./data/jaffe/KL.DI2.171.tiff,2,
1073.536255;1016.501221;1827.252808;1117.329468;929.702271;1921.530884;1150.113037;896.683594;1919.051147;1167.114136;846.707947;1823.674438;1161.585693;905.858154;1828.077515;1296.482422;1239.449219;2172.256592;1354.357544;1176.668823;2240.576904;1375.533691;1131.021973;2242.912842;1392.941040;1067.379150;2154.532227;1390.662964;1140.555420;2178.582764,./data/jaffe/KL.DI3.172.tiff,2,
1137.565796;1092.338989;1970.542114;1198.104248;998.061523;2042.671631;1216.953003;978.544128;2014.878418;1242.732666;1006.578064;1905.138306;1233.348267;980.976990;1995.203979;1383.470703;1328.323608;2307.907471;1459.285889;1258.982666;2360.868896;1466.164551;1231.579102;2349.806885;1489.285889;1240.814331;2261.179932;1491.560669;1232.178955;2342.992432,./data/jaffe/KL.DI4.173.tiff,2,
987.538574;939.876160;1816.420288;1069.112549;909.702820;1919.699341;1104.105103;909.100220;1895.893555;1131.474976;931.657898;1786.461548;1094.613770;907.632263;1878.116577;1215.537842;1169.551392;2171.267090;1311.678589;1156.473389;2247.312256;1334.953125;1152.614502;2211.198486;1355.490479;1157.410645;2112.103516;1334.459229;1148.171265;2202.743408,./data/jaffe/KL.FE1.174.tiff,2,
1033.572998;1004.867615;1951.295898;1113.040649;945.589539;1985.996216;1135.668579;946.008789;1997.769409;1146.028198;946.100708;1860.891357;1129.242798;915.057678;1986.738525;1255.666626;1217.488159;2268.435303;1350.909180;1177.107300;2291.032471;1363.372070;1171.970215;2297.032471;1369.290161;1161.495483;2175.797363;1366.451050;1145.378052;2291.695312,./data/jaffe/KL.FE2.175.tiff,2,
1164.511108;1124.931396;2128.338623;1233.253296;1071.921021;2161.133301;1242.885254;1053.709839;2142.472656;1268.158569;1066.713013;2017.233643;1239.731201;1035.740112;2151.022217;1374.890869;1334.351440;2445.173828;1457.518066;1301.575317;2466.240723;1459.470581;1285.073486;2447.476074;1483.862915;1282.324463;2330.299316;1467.219482;1265.461060;2454.487305,./data/jaffe/KL.FE3.176.tiff,2,
1040.139038;925.556824;1737.506470;1108.039917;837.347839;1796.260742;1111.036865;818.892639;1851.133057;1132.625977;828.090393;1710.269897;1112.929321;826.347839;1808.764893;1273.886353;1147.680298;2083.357422;1353.867676;1080.802368;2118.981934;1345.125977;1056.437378;2154.816650;1364.597412;1050.382690;2031.711914;1359.969238;1056.319824;2129.507568,./data/jaffe/KL.HA1.158.tiff,1,
1166.188232;1025.344849;1969.151611;1223.424072;909.817810;2015.819824;1223.331787;904.992859;2048.766846;1253.988892;916.896790;1967.577881;1238.737915;902.867920;2028.990356;1408.897095;1256.064575;2300.022217;1484.316650;1169.759277;2333.163574;1473.524170;1154.229980;2356.137451;1500.543823;1151.857666;2290.309570;1497.684570;1147.080688;2348.203125,./data/jaffe/KL.HA2.159.tiff,1,
1028.712646;941.397949;1821.408936;1100.999756;849.854797;1870.830078;1107.734619;848.568848;1903.377441;1130.287598;874.430054;1802.467407;1109.179565;854.788330;1867.416382;1255.435791;1172.555176;2160.884033;1341.078735;1097.845215;2191.182861;1335.631592;1086.720093;2206.386963;1356.255493;1101.120239;2116.183105;1350.251221;1089.477051;2186.493652,./data/jaffe/KL.HA3.160.tiff,1,
1018.331665;942.524902;1941.379395;1078.053711;913.748108;1973.559082;1105.615112;907.905396;1992.513062;1138.370728;971.000549;1900.290283;1095.943970;910.550903;1967.946289;1218.180420;1148.560791;2254.432373;1289.317627;1135.250854;2276.813721;1310.698242;1129.564453;2287.651611;1342.753418;1174.807495;2201.829346;1309.497925;1132.081909;2267.723389,./data/jaffe/KL.NE1.155.tiff,1,
1052.598389;937.622253;1967.201294;1098.876221;881.955933;2002.467163;1135.470947;879.555054;2031.366211;1142.796387;937.331848;1928.486450;1121.064575;894.937927;2000.588257;1265.631592;1154.338623;2277.180908;1325.208252;1112.110962;2301.106689;1352.482056;1106.323120;2319.668457;1359.749390;1142.703003;2232.491455;1345.599976;1115.260132;2297.507324,./data/jaffe/KL.NE2.156.tiff,1,
1047.097290;960.967407;1937.781738;1093.848999;927.165894;1982.578003;1142.300537;927.387756;2016.965698;1139.820679;968.334351;1927.660645;1136.589111;934.757446;1987.294312;1259.659302;1171.520020;2254.364502;1320.216675;1149.853394;2285.399902;1356.866943;1151.496704;2308.499023;1358.949707;1174.508301;2229.799316;1360.667114;1153.206665;2287.596191,./data/jaffe/KL.NE3.157.tiff,1,
1022.357544;982.275818;1857.614258;1113.137207;909.931885;1948.397217;1123.680298;900.104858;1930.106689;1127.423096;943.299866;1769.273438;1098.325806;907.019836;1888.221069;1241.744751;1198.613770;2178.093750;1343.152710;1147.939697;2239.974121;1344.062744;1134.523804;2220.271240;1347.097778;1161.002075;2080.316162;1332.054443;1141.401855;2194.644775,./data/jaffe/KL.SA1.161.tiff,2,
1033.832397;968.103943;1780.051758;1095.368774;918.465759;1860.414185;1120.208984;880.523560;1838.531250;1121.504883;922.647522;1661.814697;1092.338989;884.513184;1788.725464;1254.516479;1182.155396;2079.000977;1327.853638;1148.544189;2134.203857;1339.614624;1114.317139;2113.347900;1342.109009;1141.904663;1973.340088;1324.022949;1120.042236;2085.675781,./data/jaffe/KL.SA2.162.tiff,2,
1060.811768;1059.631836;2021.057861;1116.218872;971.291260;2081.184814;1134.686279;964.155701;2043.893066;1137.808716;1006.960876;1880.235474;1119.658325;981.778259;2027.688110;1290.879517;1274.883911;2320.483398;1359.106689;1211.452515;2362.252686;1366.463501;1201.162476;2326.672363;1371.314453;1226.593994;2172.073486;1363.286865;1213.578003;2323.432861,./data/jaffe/KL.SA3.163.tiff,2,
1182.594116;1026.357178;1651.224487;1246.657349;990.800781;1748.955200;1281.518799;971.286438;1776.069214;1342.055908;1019.572388;1706.178101;1273.235107;990.190491;1764.668091;1389.663086;1239.974487;2038.194458;1466.203857;1218.904175;2147.106934;1493.525269;1203.911987;2144.760010;1542.894165;1229.249512;2061.519775;1489.369019;1217.210083;2133.598145,./data/jaffe/KL.SU1.164.tiff,3,
1110.256226;1024.322510;1627.525024;1170.235474;994.798889;1727.418579;1236.696411;1000.247009;1735.982178;1270.098999;1040.078003;1671.078003;1228.621704;1006.063660;1729.393921;1326.953369;1250.068481;2024.879639;1401.902100;1230.429199;2134.029785;1464.117310;1233.072144;2133.401367;1495.889038;1250.946655;2055.913818;1462.858765;1233.550537;2114.707520,./data/jaffe/KL.SU2.165.tiff,3,
1098.844482;978.914185;1518.723633;1188.154541;950.186707;1572.591064;1224.028687;947.930969;1603.829468;1277.147095;1001.620056;1536.853760;1212.228760;961.715393;1616.114136;1305.381836;1205.190796;1909.055420;1403.946655;1187.053223;1982.302856;1435.887817;1185.661133;1994.819702;1480.173950;1213.100342;1915.600830;1429.013306;1193.892944;1991.349976,./data/jaffe/KL.SU3.166.tiff,3,
1090.358032;1058.398560;2019.801025;1140.471680;1040.955688;2052.883057;1188.168457;1043.901123;1989.454712;1192.396973;1043.888428;1712.152832;1181.258301;1028.322754;1949.387939;1245.951782;1231.691406;2261.281738;1302.296753;1222.510986;2283.254639;1341.719849;1219.009155;2238.140381;1344.826172;1214.542725;1995.836060;1332.774902;1207.483765;2202.332520,./data/jaffe/KM.AN1.17.tiff,2,
1097.943604;1109.445923;2010.227173;1144.459839;1109.626953;2043.897095;1188.473633;1117.703857;1966.001831;1172.908569;1106.468140;1786.966675;1184.008667;1106.131592;1932.983276;1249.475342;1271.166626;2267.064209;1303.086914;1275.182251;2292.553955;1340.616333;1278.896118;2232.738770;1324.055542;1266.519531;2060.238281;1330.627686;1271.554932;2207.249268,./data/jaffe/KM.AN2.18.tiff,2,
1034.655884;1041.505249;1821.151611;1076.698730;1041.950195;1858.249268;1117.721191;1056.660400;1773.277222;1113.127563;1056.113892;1596.181885;1125.949463;1045.925903;1723.977661;1198.451538;1219.432129;2103.669678;1249.941284;1224.228638;2124.700928;1283.103149;1234.208862;2052.430176;1275.722290;1230.702759;1892.070068;1288.824341;1227.216797;2013.559937,./data/jaffe/KM.AN3.19.tiff,2,
1296.140625;1111.953491;2133.314453;1371.560669;1091.551392;2236.923096;1392.866577;1116.753418;2207.439941;1376.862061;1071.777710;2108.499512;1400.583740;1090.055420;2162.015137;1433.375244;1299.032227;2410.018799;1509.391113;1277.459351;2489.159424;1526.743286;1304.804443;2463.276611;1510.668945;1252.279175;2365.729248;1533.151367;1272.965454;2428.072998,./data/jaffe/KM.DI1.20.tiff,2,
1294.157959;1100.163086;2133.905273;1362.774780;1061.742188;2236.381836;1372.860840;1053.258545;2183.414795;1374.778198;1001.962585;2113.029785;1384.647705;1047.331299;2151.881836;1427.332275;1279.707397;2406.468750;1500.313110;1245.299561;2491.810303;1506.638306;1235.985596;2446.632812;1507.461670;1181.327515;2368.190918;1517.634399;1229.044556;2416.276611,./data/jaffe/KM.DI3.22.tiff,2,
1315.516724;1128.781494;2233.176758;1374.090576;1113.869873;2320.700439;1421.715210;1151.167358;2285.012939;1438.623657;1157.406616;2213.255859;1439.487427;1141.212524;2277.384033;1462.488770;1299.417480;2521.462891;1535.637939;1279.252808;2589.368896;1575.242310;1324.009521;2559.461670;1593.031006;1323.009521;2489.627686;1588.218994;1311.194092;2557.219727,./data/jaffe/KM.FE1.23.tiff,1,
1249.435913;1078.748901;2083.662598;1329.893433;1046.291138;2141.137939;1367.863770;1084.571167;2121.065430;1391.216797;1097.672852;2065.560059;1384.712646;1068.401733;2085.427490;1404.139526;1256.911743;2387.163086;1493.111694;1228.354980;2443.908203;1524.436646;1272.253296;2425.536621;1546.064331;1273.217896;2360.628906;1536.409546;1248.880859;2391.857910,./data/jaffe/KM.FE2.24.tiff,1,
1277.532227;1108.200439;2191.440918;1367.818237;1103.578369;2267.484863;1414.118042;1148.899902;2215.923828;1436.244507;1133.690186;2090.285156;1433.523926;1110.969360;2178.219238;1427.845337;1291.808838;2484.660156;1528.892578;1284.856079;2549.024170;1567.837646;1336.989258;2509.992676;1586.806519;1309.189575;2383.594482;1581.613892;1292.338623;2473.573975,./data/jaffe/KM.FE3.25.tiff,1,
1155.537354;1105.158081;1828.466064;1223.002075;1066.602417;1882.551514;1234.881592;1087.490967;1872.468750;1240.241455;1080.348267;1852.758667;1232.628418;1036.525879;1883.823242;1325.258789;1278.585083;2151.813232;1398.461304;1252.777222;2206.942627;1406.098022;1263.581543;2193.770508;1417.188232;1255.126465;2151.876465;1407.697754;1222.695679;2198.354736,./data/jaffe/KM.HA1.4.tiff,1,
1284.041626;1180.401245;2076.548828;1357.357056;1165.401001;2115.639893;1365.152832;1175.126587;2120.997070;1383.804443;1159.842896;2116.855957;1397.891479;1127.344604;2125.462158;1448.375488;1345.330688;2362.547607;1526.461304;1340.480225;2393.349365;1532.783081;1341.562744;2402.051514;1557.190430;1328.480469;2379.663574;1565.304688;1306.707886;2405.745605,./data/jaffe/KM.HA2.5.tiff,1,
1252.980713;1185.548462;2192.046143;1310.587158;1176.189331;2239.797363;1347.597412;1178.907104;2268.429688;1357.652832;1182.750854;2189.518311;1364.536133;1147.307007;2278.012207;1419.165894;1358.115479;2517.162109;1489.675537;1354.763062;2561.890869;1520.562012;1354.174194;2581.047607;1530.302368;1354.833130;2489.354980;1532.349854;1332.186401;2589.510010,./data/jaffe/KM.HA3.6.tiff,1,
1339.013184;1318.220215;1969.089478;1394.210083;1237.420776;2050.630371;1403.360352;1221.645752;2049.093262;1367.626099;1211.579956;1980.692993;1371.248413;1229.378296;2073.111084;1506.672974;1487.186401;2298.006592;1564.633667;1422.057861;2379.548340;1573.081299;1397.104858;2372.658203;1538.990845;1385.277344;2288.929199;1543.622314;1409.113037;2388.787598,./data/jaffe/KM.HA4.7.tiff,1,
1222.889648;1221.763428;2303.958984;1265.301147;1193.478149;2339.747314;1336.210083;1211.194580;2260.268311;1355.395996;1236.181641;2061.367676;1358.400757;1190.275513;2225.675293;1373.145386;1380.453369;2563.975586;1425.780640;1360.571411;2585.070068;1490.507202;1373.234253;2525.371826;1507.227783;1393.763672;2323.208496;1506.392700;1356.014404;2491.663330,./data/jaffe/KM.NE1.1.tiff,2,
1157.323486;1153.830322;2203.968994;1215.720337;1140.077759;2219.892090;1267.064209;1166.854858;2146.079102;1289.014771;1188.985718;1938.076416;1283.447876;1156.207886;2112.679932;1304.505371;1310.702515;2456.216309;1369.253662;1298.369263;2464.240234;1416.678223;1322.926270;2404.111328;1435.708496;1340.644043;2198.111572;1427.548706;1314.592651;2374.480225,./data/jaffe/KM.NE2.2.tiff,2,
1130.644897;1157.896973;2207.465576;1182.227661;1134.629761;2233.434326;1239.686401;1153.641357;2150.022461;1256.310547;1183.301147;1943.543213;1255.120483;1139.607910;2119.214355;1288.177612;1318.770752;2469.098145;1350.753052;1301.770508;2483.929932;1401.000977;1318.382568;2417.004150;1414.349854;1341.919434;2213.624268;1409.737915;1306.954590;2390.965088,./data/jaffe/KM.NE3.3.tiff,2,
1260.796997;1207.361328;2271.476318;1342.370239;1202.012695;2317.942139;1378.103638;1198.463623;2254.979248;1370.176758;1214.104980;2048.352051;1385.292358;1196.138794;2196.369385;1423.884644;1381.910889;2550.363525;1512.743652;1380.436523;2581.364258;1538.888428;1373.687378;2533.745117;1533.390259;1382.224854;2333.492188;1545.774780;1374.860107;2486.478516,./data/jaffe/KM.SA1.9.tiff,2,
1243.557373;1113.216675;2209.326904;1306.434692;1103.200439;2254.970459;1330.566284;1117.470215;2216.030762;1317.553467;1119.387451;2043.850830;1342.637329;1115.602661;2171.927734;1393.884521;1289.137817;2471.643066;1462.828857;1284.648193;2501.603760;1483.931763;1289.393188;2475.529785;1472.661133;1285.428467;2319.141357;1493.919312;1294.287231;2439.666260,./data/jaffe/KM.SA2.10.tiff,2,
1187.984131;1191.419312;2260.083252;1250.467651;1166.956665;2300.773438;1271.887451;1178.493530;2251.239990;1245.044678;1190.912231;2058.588867;1279.683716;1184.340454;2209.150635;1359.337280;1382.902832;2536.624512;1432.196045;1363.522949;2563.613770;1446.254395;1365.926636;2527.687988;1421.180054;1372.405151;2345.916504;1450.729370;1379.879517;2494.762939,./data/jaffe/KM.SA3.11.tiff,2,
1282.876099;1157.012451;2270.080566;1376.700439;1111.424561;2333.215332;1388.573364;1107.758057;2285.642090;1400.250366;1122.911133;2094.493652;1408.489258;1120.004761;2245.921875;1446.328125;1341.812744;2549.146729;1546.849243;1308.463989;2593.606201;1555.692749;1294.843872;2562.947510;1564.869751;1306.083374;2388.394043;1572.190796;1314.200684;2534.777588,./data/jaffe/KM.SA5.13.tiff,2,
1172.654785;1210.000366;1848.873535;1272.794678;1156.370361;1938.369873;1317.928223;1201.787598;1949.896362;1354.406006;1213.663208;1885.134155;1322.667236;1182.627075;1980.908447;1318.012939;1368.403076;2214.115967;1425.235840;1331.065674;2283.378906;1470.714355;1372.042603;2304.458008;1500.988892;1383.022949;2246.383057;1465.722168;1356.050171;2331.766846,./data/jaffe/KM.SU1.14.tiff,3,
1191.401123;1260.216919;1991.898438;1280.070923;1232.683472;2071.954590;1329.081909;1275.650635;2088.819092;1371.469727;1281.626221;2036.960815;1355.456665;1253.130981;2115.686523;1343.449707;1430.720703;2371.338623;1443.390869;1416.182983;2431.325684;1494.281494;1459.646118;2457.608643;1534.751953;1465.316406;2419.255859;1509.771118;1436.410645;2482.354492,./data/jaffe/KM.SU2.15.tiff,3,
1153.167603;1150.909790;1876.757324;1254.743164;1117.639893;1931.189819;1302.251099;1152.416626;1928.541992;1342.113892;1175.699707;1871.380737;1292.047607;1130.462280;1963.369629;1307.255127;1316.965576;2221.918945;1406.364136;1297.110596;2269.790527;1450.435303;1332.530762;2279.847656;1488.442871;1355.483643;2241.172607;1443.737427;1309.667969;2312.418213,./data/jaffe/KM.SU3.16.tiff,3,
1187.207886;1005.701111;1894.709595;1265.439331;1059.104736;2065.509033;1338.012451;1109.713867;2018.146973;1368.932983;1154.937012;1847.367065;1332.702759;1096.542847;1949.077881;1419.689453;1267.727905;2298.777832;1507.481567;1323.131836;2432.077881;1569.281372;1373.473755;2381.125244;1598.234619;1407.234497;2219.907227;1566.065796;1356.073730;2327.060303,./data/jaffe/KR.AN1.83.tiff,2,
965.681763;763.062012;1360.277832;1013.357422;782.389160;1502.244873;1095.319946;833.406433;1502.323120;1144.025146;901.161499;1357.966187;1090.718628;833.895752;1476.545654;1225.907104;1031.835205;1821.032227;1287.373413;1062.200806;1959.872925;1363.917358;1118.622925;1933.007690;1400.792969;1170.847656;1776.620117;1359.756958;1113.333618;1906.161011,./data/jaffe/KR.AN2.84.tiff,2,
1174.914551;959.446411;1870.140381;1255.221558;1017.052429;2001.586060;1308.474609;1062.535522;1947.004395;1345.400635;1118.017700;1716.058716;1305.183716;1051.863403;1865.135498;1412.739990;1218.660522;2251.230957;1491.978638;1274.401733;2345.299561;1540.417603;1322.555298;2290.023682;1571.974731;1364.692749;2065.121094;1539.033203;1306.794189;2219.315186,./data/jaffe/KR.AN3.85.tiff,2,
1211.434814;1016.207947;1831.998413;1289.645264;1076.095581;1963.593628;1351.687256;1109.338013;1919.094849;1360.130859;1147.884888;1675.738037;1360.937622;1108.913330;1930.081909;1445.699829;1287.014893;2177.395996;1527.287842;1347.721191;2291.192383;1579.315552;1375.285645;2244.458252;1586.256592;1404.501465;2008.339600;1589.225586;1371.873657;2254.643799,./data/jaffe/KR.DI1.86.tiff,2,
1185.193115;982.782776;1821.409790;1251.291748;1047.553833;1965.899536;1313.414307;1080.585815;1940.876953;1324.465576;1121.772949;1724.284546;1317.794434;1078.885864;1920.482178;1432.772583;1257.093018;2188.028076;1506.682617;1315.975830;2309.031738;1559.027222;1349.705566;2276.749023;1566.678345;1380.646484;2060.656006;1564.058594;1345.407227;2257.220947,./data/jaffe/KR.DI2.87.tiff,2,
1128.476196;922.155396;1744.841675;1212.824341;981.613770;1893.819336;1273.551636;1023.257812;1875.307373;1286.661987;1055.386841;1645.687744;1269.360596;1023.097900;1863.258667;1379.030273;1203.948608;2124.281006;1464.932251;1263.532593;2257.033936;1518.217651;1302.709839;2229.075684;1526.943237;1324.105835;2002.543213;1516.504272;1295.665894;2218.265137,./data/jaffe/KR.DI3.88.tiff,2,
1144.797607;949.351074;1723.870483;1199.491577;984.175598;1828.105713;1287.120728;1022.276245;1811.483154;1315.103149;1074.751465;1638.893677;1286.315552;1023.545837;1811.404907;1379.842529;1204.964478;2085.546143;1444.097534;1246.733154;2182.111328;1521.465820;1285.635620;2152.800537;1544.207275;1322.396362;1971.667969;1520.336548;1283.944702;2149.215332,./data/jaffe/KR.FE1.89.tiff,2,
1182.869019;956.988098;1780.044434;1235.817383;1009.672668;1877.438232;1320.374512;1048.092041;1863.980225;1341.320679;1101.667725;1712.050171;1316.606567;1054.075073;1857.353760;1411.069458;1215.312378;2139.043945;1476.002563;1267.716431;2222.727295;1549.751221;1309.853027;2203.715332;1567.163452;1350.382202;2038.666870;1546.308472;1309.347168;2196.789062,./data/jaffe/KR.FE2.90.tiff,2,
1127.799805;934.348633;1862.835327;1216.568848;1003.296814;1993.315430;1286.934082;1039.295410;1943.215332;1278.703125;1041.149414;1671.152100;1285.806885;1040.883545;1951.758911;1370.675659;1204.462402;2190.277832;1460.552856;1268.312500;2304.123047;1522.557495;1301.461182;2259.986816;1517.357422;1303.280884;1991.046875;1525.321777;1300.057129;2257.770508,./data/jaffe/KR.FE3.91.tiff,2,
1157.002563;974.360535;1876.048340;1222.063232;1009.308167;2013.315186;1281.107056;1034.232788;2004.320923;1322.059570;1091.321167;1979.781372;1290.553833;1046.251709;1980.315674;1377.917358;1225.662354;2247.695801;1456.446899;1262.431641;2358.040039;1505.878906;1291.995972;2332.355713;1537.420044;1336.122314;2287.288818;1512.341919;1300.580688;2303.017822,./data/jaffe/KR.HA1.74.tiff,1,
1056.959351;857.476807;1730.447144;1125.316284;898.338623;1786.022949;1180.965454;931.046143;1782.408203;1221.854004;985.690002;1710.838623;1187.061523;938.472290;1782.687744;1278.380249;1105.814331;2100.455566;1351.407593;1147.810547;2141.173096;1404.066284;1184.520630;2134.892334;1435.329468;1227.097778;2032.415527;1408.894043;1189.093384;2133.047607,./data/jaffe/KR.HA2.75.tiff,1,
1216.803223;1010.124451;1941.945190;1275.140869;1061.569702;2092.617676;1326.252319;1095.105835;2094.886475;1366.611206;1130.488037;2028.870117;1324.171143;1074.306641;2058.257812;1438.877930;1260.442261;2309.991455;1505.552856;1310.308716;2431.508057;1549.089478;1351.093262;2414.037842;1583.603516;1376.493652;2341.575684;1547.548462;1328.638550;2381.846191,./data/jaffe/KR.NE1.71.tiff,1,
1231.410522;1018.770569;1893.395386;1298.119141;1069.660767;2053.539062;1347.434204;1113.750488;2063.445801;1389.785034;1150.048706;1968.746704;1343.879028;1101.127808;2007.128906;1450.924561;1271.186646;2274.364502;1523.359497;1318.884277;2403.766602;1564.967285;1367.268677;2395.194580;1601.504883;1392.166748;2290.819580;1561.901001;1354.198120;2344.435303,./data/jaffe/KR.NE2.72.tiff,1,
1249.395020;1022.752319;1873.323975;1305.481079;1069.807373;2019.124023;1361.630737;1104.656982;2009.255981;1396.869507;1135.321533;1898.462158;1357.087280;1099.840820;1984.764893;1463.705933;1270.971436;2259.716797;1528.682495;1318.850220;2379.566895;1573.595459;1355.900879;2353.974365;1606.046875;1375.650391;2231.848877;1570.497559;1347.242065;2330.343018,./data/jaffe/KR.NE3.73.tiff,1,
1195.392090;957.021118;1991.854980;1260.772339;1018.678223;2163.904053;1327.813232;1051.294434;2143.310303;1352.089844;1098.736572;1972.348999;1324.755859;1063.370605;2094.218506;1435.818481;1229.015015;2389.712158;1507.960205;1291.207397;2519.928711;1566.128418;1327.375488;2486.810303;1585.586792;1357.771973;2310.596436;1565.206177;1334.489258;2448.834717,./data/jaffe/KR.SA1.77.tiff,2,
1188.528809;946.627258;1806.129028;1258.631348;991.502625;1975.720337;1306.121094;1030.582031;1940.176758;1333.048584;1081.615356;1793.271240;1310.033447;1035.548462;1918.766479;1415.092896;1206.240234;2204.260498;1485.822388;1251.929688;2333.301514;1531.127808;1293.134399;2290.035645;1552.739502;1329.828247;2136.480469;1535.225830;1294.969482;2273.980713,./data/jaffe/KR.SA2.78.tiff,2,
1177.504761;935.095642;1899.208618;1226.146851;996.288879;2032.705444;1289.000122;1042.153442;2016.505249;1328.355591;1092.467407;1954.896851;1300.609619;1027.122925;1974.568237;1411.760010;1197.159912;2270.624268;1467.654175;1255.912964;2378.721924;1524.171509;1302.928711;2347.722656;1553.575806;1340.983521;2260.240234;1531.646729;1291.661743;2303.584961,./data/jaffe/KR.SA3.79.tiff,1,
1075.141724;865.492920;1661.274170;1138.215820;908.644531;1801.824341;1208.538452;955.877930;1770.610718;1230.331665;996.832825;1516.125244;1199.276489;942.574219;1769.796997;1292.129639;1113.301270;2012.019287;1356.059204;1159.391235;2131.993408;1419.416382;1210.050049;2093.140137;1441.118286;1239.497070;1827.450684;1415.036133;1195.685303;2079.832520,./data/jaffe/KR.SU1.80.tiff,3,
1112.768066;899.239075;1601.299072;1157.658813;934.140198;1729.922241;1201.040771;979.098511;1727.089478;1235.364746;1030.149536;1537.384644;1200.639404;973.228271;1711.811035;1323.756470;1132.486084;1958.588135;1369.266113;1173.183960;2073.162109;1411.129639;1218.191650;2059.295410;1441.211548;1258.030762;1855.614990;1410.556396;1213.720825;2034.636597,./data/jaffe/KR.SU2.81.tiff,3,
1273.367310;1002.917603;1802.634399;1323.500977;1058.758057;1916.240356;1367.887085;1106.073608;1911.547119;1398.988525;1151.721558;1692.231689;1361.206055;1099.369629;1916.278687;1475.556641;1247.766602;2146.731689;1527.811523;1304.457153;2245.196777;1569.615723;1356.077148;2229.216797;1600.235229;1388.265381;1991.319458;1564.325562;1345.061279;2224.577881,./data/jaffe/KR.SU3.82.tiff,3,
862.384766;779.349487;1474.456665;918.867004;796.627502;1509.766235;966.191833;767.543274;1461.828979;980.128845;816.256104;1392.499268;953.805969;777.077026;1473.205078;1071.582764;1019.669434;1865.160522;1133.594971;1041.669434;1891.105347;1180.406738;1017.971497;1855.635498;1188.301636;1052.410889;1760.014648;1168.775757;1028.658203;1839.529419,./data/jaffe/MK.AN1.125.tiff,2,
882.703430;769.834473;1390.165527;924.732910;769.873901;1361.478516;975.953125;736.554016;1241.175537;1004.541809;783.865662;1148.877930;982.703735;742.607239;1282.202393;1088.986572;1011.783447;1772.853760;1134.202637;1016.242065;1742.806641;1185.751221;987.916626;1613.462280;1213.531128;1019.693176;1494.806519;1199.538940;994.716614;1664.136963,./data/jaffe/MK.AN2.126.tiff,2,
888.313049;812.419312;1571.866577;910.116394;824.690369;1591.311157;966.373657;773.075623;1486.781982;978.245972;824.911621;1395.072876;956.167908;787.450439;1464.954834;1093.085449;1047.443481;1960.716919;1116.913574;1066.451050;1969.328491;1175.410767;1021.697815;1866.976318;1185.709961;1058.027954;1755.928711;1165.304443;1035.717773;1859.423096,./data/jaffe/MK.AN3.127.tiff,2,
901.163086;977.160339;1858.311523;886.927429;982.571350;1953.495239;881.278198;967.156128;1868.496216;894.756165;1004.689087;1739.546387;881.444092;986.506409;1884.354004;1120.738892;1229.838867;2255.110840;1121.503174;1241.638550;2325.943604;1116.162964;1225.438599;2246.974609;1123.939453;1254.646606;2103.493408;1112.602051;1246.846436;2264.656494,./data/jaffe/MK.DI1.128.tiff,3,
1061.544312;1069.144409;1995.499390;1045.819458;1031.645508;2128.065186;1059.801392;998.012451;2037.909668;1019.792297;1090.758667;1819.418945;1001.581970;1028.298462;2020.253540;1311.041870;1327.709229;2398.919189;1301.692505;1300.148560;2492.727295;1318.093140;1275.748535;2410.924072;1275.854370;1349.532837;2185.037109;1257.991821;1313.203491;2393.656982,./data/jaffe/MK.DI2.129.tiff,3,
1033.785278;1029.098755;1790.059082;1013.785095;959.646240;1883.965576;996.261108;929.072998;1812.454590;921.469788;988.757812;1658.100220;955.897644;966.846252;1797.319946;1279.777222;1290.065552;2196.397705;1268.956665;1237.088745;2269.716064;1258.266724;1198.833862;2195.848145;1179.613281;1243.473145;2016.890015;1212.985718;1237.159668;2182.579102,./data/jaffe/MK.DI3.130.tiff,3,
871.874939;674.790588;1431.977783;927.020203;652.381226;1520.419434;1000.154053;640.346802;1520.672852;995.883118;679.494141;1388.243042;971.572571;682.248535;1519.565186;1087.464722;923.979492;1860.245117;1155.868530;917.458008;1945.259399;1208.481323;916.803101;1920.644897;1211.046387;945.627197;1767.637695;1188.947021;958.779724;1922.507812,./data/jaffe/MK.FE1.131.tiff,3,
895.243164;735.573486;1472.705444;956.464417;703.292908;1565.143921;1012.267029;709.141785;1570.912476;1036.880615;753.001282;1515.875610;1004.682983;743.869141;1585.573242;1112.328735;994.223145;1923.526123;1186.155518;977.987793;2006.554077;1222.842285;985.572021;1976.569336;1256.364136;1025.415283;1887.809326;1226.903809;1026.717285;1994.756836,./data/jaffe/MK.FE2.132.tiff,3,
1145.845093;831.392944;1702.109131;1207.271606;777.962769;1852.574341;1244.512085;790.780457;1875.118408;1267.946777;824.468140;1841.607178;1223.838135;823.421143;1811.392700;1367.996826;1118.239990;2161.890381;1445.423828;1089.910767;2287.167725;1476.086792;1086.110229;2293.420654;1491.597046;1129.086792;2241.998047;1459.145020;1143.012207;2240.054932,./data/jaffe/MK.FE3.133.tiff,3,
920.206299;782.754944;1829.518799;979.723450;788.022827;1836.158569;1011.846863;760.991577;1804.545166;1005.678955;815.875854;1798.362183;995.750854;785.112427;1778.802124;1147.288696;1046.223389;2129.099854;1209.421509;1073.008179;2135.817139;1238.950806;1058.854980;2099.147705;1235.212891;1099.122681;2094.437744;1239.190063;1074.996582;2089.793945,./data/jaffe/MK.HA1.116.tiff,1,
895.427795;816.343689;1732.240356;953.155396;812.296448;1761.078369;993.219238;788.054993;1780.715088;997.539551;866.287537;1786.662598;970.214355;827.844604;1719.962158;1121.208740;1075.917358;2078.838135;1182.086548;1087.022461;2100.359619;1218.938721;1080.238770;2101.614258;1222.409058;1143.709106;2106.868896;1206.185791;1110.951904;2062.085938,./data/jaffe/MK.HA2.117.tiff,1,
959.206787;875.877075;1944.131104;1034.550781;866.499207;2029.123413;1090.150513;857.979614;2010.333984;1098.420166;936.889160;1990.047241;1081.137573;887.070251;1968.223755;1204.241577;1162.101318;2316.520020;1285.646118;1168.300415;2385.795410;1336.355957;1166.473267;2365.041504;1341.536743;1228.756470;2329.968262;1333.964233;1190.803345;2335.825439,./data/jaffe/MK.HA3.118.tiff,1,
1002.715759;844.562927;1836.050049;1058.491699;796.263672;1936.947388;1089.120728;792.055908;1920.480835;1108.638184;860.630554;1816.189819;1098.220581;827.483459;1870.807007;1230.690674;1104.736816;2260.244629;1295.479614;1084.108643;2335.074219;1319.683838;1077.513306;2294.109863;1344.725952;1125.709839;2183.916504;1332.013306;1098.446655;2262.661377,./data/jaffe/MK.NE1.113.tiff,1,
997.782471;851.137817;1743.751343;1054.575928;822.320801;1843.239624;1113.702148;798.990540;1848.232910;1144.966309;885.353760;1818.297241;1106.464111;831.305054;1785.585083;1207.200073;1102.811279;2160.464600;1271.352539;1090.787109;2231.160645;1323.792358;1075.109375;2210.953857;1361.294800;1141.588257;2167.087646;1325.816406;1096.932983;2169.166504,./data/jaffe/MK.NE2.114.tiff,1,
976.079895;782.102783;1742.606812;1029.100220;767.153076;1839.201294;1087.771851;747.437134;1828.983887;1125.181519;834.983521;1798.788940;1089.412964;779.030823;1778.766724;1188.907104;1047.991821;2141.705322;1255.228271;1048.501465;2210.456787;1299.703491;1033.121460;2182.328369;1341.288086;1100.893555;2137.171875;1309.773560;1058.709473;2154.554688,./data/jaffe/MK.NE3.115.tiff,1,
1056.899658;923.188416;1891.368042;1124.008301;852.903503;1952.984619;1164.848999;841.380981;1846.290039;1180.076416;884.093811;1668.832031;1165.729248;879.263794;1848.035278;1302.105347;1217.865845;2300.401123;1379.549072;1172.104736;2336.730957;1410.125366;1148.849976;2250.054688;1424.655151;1184.195435;2057.053711;1415.000732;1187.842407;2256.696289,./data/jaffe/MK.SA1.119.tiff,2,
1078.913940;965.796387;1803.168457;1132.565186;914.573364;1918.307373;1158.141113;892.630859;1880.906494;1182.137939;961.290466;1774.748047;1161.700195;929.292297;1822.656860;1320.544067;1254.265747;2222.770508;1378.433960;1223.905396;2303.112549;1398.147705;1197.831055;2263.869385;1423.002930;1252.438599;2160.977783;1414.803101;1239.838501;2224.625488,./data/jaffe/MK.SA2.120.tiff,2,
1062.177856;968.090515;1839.485962;1138.565918;902.915100;1945.661621;1152.852295;879.741699;1875.122437;1150.964355;871.952026;1736.544189;1167.762085;900.966370;1819.184814;1302.633667;1259.270996;2258.969482;1376.594116;1219.616089;2332.814453;1387.669556;1192.883057;2266.745361;1383.458252;1172.318359;2120.756592;1407.638306;1214.188599;2234.706543,./data/jaffe/MK.SA3.121.tiff,2,
946.547791;887.739319;1593.772339;997.190063;830.033203;1634.721191;1052.824463;816.403503;1613.494385;1084.235229;888.583618;1412.368652;1076.295044;844.515991;1673.119263;1174.306152;1129.172485;1953.003418;1230.623047;1088.168579;2004.838257;1275.913330;1090.815430;1992.140503;1305.956787;1137.439453;1810.022827;1301.016113;1100.843628;2057.065674,./data/jaffe/MK.SU1.122.tiff,3,
805.140503;771.660278;1417.294434;855.341858;749.091553;1438.742676;920.454895;751.473755;1403.557861;946.102478;813.714783;1156.559814;931.011414;775.319641;1448.180298;1009.990601;1001.545227;1736.756348;1074.229370;991.348511;1772.700928;1127.644287;1008.642761;1742.794678;1149.664185;1047.950073;1525.205811;1140.882935;1014.133606;1794.566650,./data/jaffe/MK.SU2.123.tiff,3,
936.150635;859.325012;1492.396973;1012.896179;808.138123;1562.799561;1069.862305;802.897644;1601.367432;1105.944946;881.158447;1382.440918;1076.288086;824.205688;1660.934814;1161.541504;1101.289795;1901.253540;1244.580078;1069.278076;1980.972656;1291.771851;1078.348877;2028.339355;1328.451050;1135.658325;1805.270874;1305.975952;1090.447021;2078.762207,./data/jaffe/MK.SU3.124.tiff,3,
833.147095;489.355591;1221.924316;898.886414;455.300751;1287.793457;934.845276;459.816650;1259.119873;948.820679;507.252655;1025.916992;948.321228;470.205658;1249.889893;1071.682251;727.937134;1642.599243;1134.109619;716.776733;1705.762817;1159.808105;728.996399;1658.865356;1172.066650;765.078674;1423.455322;1170.925903;738.463806;1658.955566,./data/jaffe/NA.AN1.211.tiff,4,
938.925964;607.393616;1331.969116;995.918091;570.836243;1396.379639;1033.670532;572.206543;1333.181152;1049.123901;608.310730;1086.041138;1020.058105;572.499146;1328.162231;1170.465576;848.042664;1745.854736;1222.492554;840.909607;1803.457520;1256.622192;841.364746;1717.824219;1274.213989;874.992188;1470.604614;1246.504272;846.110352;1717.352661,./data/jaffe/NA.AN2.212.tiff,4,
841.170593;538.501038;1250.727661;887.694763;507.385345;1320.794922;926.018005;529.399719;1249.730103;956.279541;577.389282;1030.555054;916.269226;525.308899;1263.955078;1071.675293;768.313049;1653.274048;1116.968872;759.219543;1709.426025;1148.129272;773.466370;1622.866333;1176.815430;817.203796;1399.944946;1141.368896;775.176331;1637.831055,./data/jaffe/NA.AN3.213.tiff,4,
918.907959;541.834473;1225.512451;1027.915771;489.504456;1304.178101;1052.028687;493.031677;1273.630493;1073.794678;496.570953;975.941162;1049.398682;495.759308;1257.281372;1160.556763;785.423279;1671.598145;1265.567871;749.842407;1749.639648;1278.235474;753.007202;1698.688477;1295.717285;756.654541;1407.434814;1276.732910;776.764771;1703.377808,./data/jaffe/NA.DI1.214.tiff,2,
1015.653015;832.136475;1566.000366;1069.557495;786.839844;1668.309937;1081.872803;792.626831;1603.924438;1103.041870;851.992432;1429.429199;1083.350220;781.712219;1574.314819;1258.736328;1096.426392;2015.363892;1325.909790;1068.680420;2095.716309;1332.697876;1064.752075;2010.191895;1344.230591;1108.575562;1823.823120;1327.654053;1068.849609;2002.489990,./data/jaffe/NA.DI2.215.tiff,2,
909.813293;717.128235;1443.494995;938.137756;676.024353;1535.476685;971.658508;698.214478;1512.397949;936.376404;772.522583;1319.927124;969.421265;686.470337;1480.196777;1138.244141;965.674927;1893.635376;1170.652100;936.329956;1966.943604;1199.656372;952.286682;1916.195190;1163.515381;1010.400757;1713.828491;1192.777222;956.518372;1892.642944,./data/jaffe/NA.DI3.216.tiff,2,
884.742737;628.818359;1442.059937;947.043274;579.869263;1550.162476;1015.060303;591.457092;1551.633057;978.389343;629.819214;1385.007446;988.088989;599.187866;1509.055054;1112.650635;861.227722;1883.227905;1177.070435;836.749084;1973.424805;1239.626709;860.093933;1955.137939;1203.572266;889.678650;1775.502563;1208.286255;874.333496;1937.772461,./data/jaffe/NA.FE1.217.tiff,2,
882.545227;609.075989;1453.265259;949.310425;559.164062;1540.614990;1018.892334;578.544312;1522.753540;1004.058289;635.009033;1320.256958;982.721741;579.610413;1491.995850;1116.134277;838.321899;1886.118408;1187.565430;817.698486;1959.223755;1250.879150;843.098267;1927.322998;1230.887329;890.129761;1717.864502;1213.765625;853.212219;1916.015991,./data/jaffe/NA.FE2.218.tiff,2,
958.392639;703.498230;1574.815796;1021.527039;639.150696;1659.619019;1069.307129;651.124390;1670.489136;1030.215454;674.662109;1543.877075;1042.683350;651.426025;1640.867676;1195.683960;956.725586;2033.304688;1268.926392;914.054932;2099.467773;1307.369995;927.541382;2090.072998;1270.569580;945.737122;1936.893555;1278.052246;939.886597;2084.924561,./data/jaffe/NA.FE3.219.tiff,2,
984.648621;775.176880;1479.276367;1057.984253;749.683228;1574.507446;1069.946411;747.266968;1575.625366;1070.077026;791.199951;1626.296875;1058.543213;746.089355;1622.495361;1227.303101;1026.461792;1853.387573;1301.832764;1017.908752;1934.320923;1300.397827;1020.948120;1923.286255;1307.103394;1058.419189;1937.549072;1296.260498;1026.591553;1967.544189,./data/jaffe/NA.HA1.202.tiff,1,
1037.616211;793.475342;1645.838745;1122.339111;762.715637;1720.638184;1127.045532;773.391052;1695.032959;1119.490967;797.014832;1735.167725;1116.013306;756.920898;1735.045532;1280.834351;1058.645630;1995.364502;1372.038818;1049.825806;2073.738281;1363.088745;1065.633301;2040.458862;1363.979492;1078.791016;2049.882568;1362.603394;1059.595337;2086.369873,./data/jaffe/NA.HA2.203.tiff,1,
1047.405151;773.016907;1602.732422;1134.439087;751.088257;1679.481934;1152.453857;754.728943;1632.215698;1161.407715;807.418274;1668.676880;1136.236084;729.475830;1657.377319;1281.835205;1026.226807;1939.051880;1372.851074;1030.241821;2010.630859;1378.682129;1042.547974;1965.459473;1394.247314;1080.881958;1970.275391;1369.133057;1026.058228;1998.446289,./data/jaffe/NA.HA3.204.tiff,1,
894.788208;674.940552;1543.056030;956.960022;646.043396;1644.295898;1022.239929;640.955078;1619.063599;1014.866089;699.779236;1566.730103;981.769226;653.826111;1572.958618;1111.431152;901.862061;1915.402832;1182.360718;891.069946;2005.893066;1235.027588;902.046265;1968.124268;1225.819214;947.921326;1897.153320;1200.215820;923.360596;1939.962891,./data/jaffe/NA.NE1.199.tiff,1,
831.133789;635.952393;1553.781982;898.229980;615.110535;1648.397949;948.729370;607.366760;1625.102905;947.842346;655.243347;1546.132935;918.007874;623.399048;1598.652588;1047.569946;863.445557;1935.362549;1117.413452;855.021851;2004.280151;1159.468994;857.355408;1965.660767;1157.875732;893.124023;1867.100220;1133.033813;879.434265;1956.193970,./data/jaffe/NA.NE2.200.tiff,1,
903.997803;697.969910;1563.543945;964.337036;661.645508;1671.226440;1024.236816;662.900696;1652.526245;1035.168213;735.188904;1578.181641;995.418091;676.245422;1621.051636;1125.529541;924.481323;1950.024658;1192.552612;903.795593;2029.922974;1243.869995;912.599426;2004.747559;1253.799805;973.768433;1912.034302;1219.611938;936.066406;1987.683716,./data/jaffe/NA.NE3.201.tiff,1,
1028.583496;665.840515;1604.296997;1060.426880;639.280762;1655.099487;1117.305054;661.030334;1630.601440;1084.349487;705.755737;1436.390381;1088.773560;653.264893;1605.734863;1278.772461;936.838257;2070.633301;1321.588013;930.517090;2124.169922;1358.815918;955.188110;2075.277832;1333.361084;996.674500;1870.551880;1331.678589;959.353210;2052.136475,./data/jaffe/NA.SA1.205.tiff,2,
962.150513;694.225159;1504.627319;997.723633;686.920593;1605.689331;1037.122070;700.921570;1537.048584;999.708008;758.366760;1347.614868;1005.295837;728.693481;1521.625244;1184.018799;953.520813;1904.548096;1234.912720;954.328369;1977.877930;1260.963867;980.371887;1908.533325;1227.376709;1022.587646;1714.881592;1231.999756;1012.164307;1902.819214,./data/jaffe/NA.SA2.206.tiff,2,
1043.348877;770.943176;1656.499634;1089.817627;768.779968;1753.665527;1148.224854;772.669006;1708.841553;1134.462036;846.175110;1534.146606;1099.098877;791.398376;1646.162476;1278.247192;1032.305420;2088.940674;1336.404541;1046.944214;2161.019043;1377.373047;1065.175659;2096.046387;1369.635864;1122.740356;1916.281250;1334.039795;1083.199219;2063.446289,./data/jaffe/NA.SA3.207.tiff,2,
1160.792236;927.346741;1911.757568;1209.865479;929.691345;1986.333496;1288.004395;911.768799;1947.834961;1333.985962;955.306030;1924.893311;1268.933105;955.165039;1956.647461;1389.298584;1192.375122;2299.373779;1441.466675;1198.849976;2359.253174;1511.423340;1187.732178;2309.556152;1556.941406;1216.532227;2258.203369;1494.721436;1232.174927;2331.057861,./data/jaffe/NA.SU1.208.tiff,1,
1015.960754;769.491028;1548.102295;1081.672241;749.532410;1659.292358;1171.072144;774.781677;1687.900146;1182.032593;832.266785;1672.304688;1119.211304;796.214172;1667.112061;1252.078125;1027.540894;2022.146240;1325.756226;1033.992065;2112.971436;1406.854004;1064.811401;2115.013428;1421.787598;1111.388794;2063.882568;1358.513550;1094.183838;2114.707275,./data/jaffe/NA.SU2.209.tiff,3,
1138.523193;860.792847;1823.218384;1210.622559;868.325256;1923.830811;1279.104126;882.961182;1875.110596;1296.723511;958.514221;1660.938965;1238.953613;935.472717;1883.757568;1339.369629;1103.147339;2225.806152;1417.788574;1121.821899;2293.814209;1474.776489;1151.606445;2239.783203;1497.820312;1211.464600;2023.148438;1437.769409;1202.460815;2251.241211,./data/jaffe/NA.SU3.210.tiff,3,
1234.447632;1145.860718;2287.747070;1346.380615;1150.033203;2344.028564;1417.070679;1132.779053;2249.515137;1431.375000;1194.618530;2046.554199;1384.331787;1180.618286;2267.647217;1455.199829;1394.825928;2647.094482;1572.066406;1406.171021;2689.914307;1632.301636;1398.300537;2612.344971;1645.336426;1445.080933;2404.940186;1614.540771;1435.158813;2631.950195,./data/jaffe/NM.AN1.104.tiff,2,
1316.936523;1141.521240;2278.836426;1426.539062;1135.255981;2340.106201;1460.316040;1129.988159;2249.051270;1483.041626;1192.109375;2043.705933;1453.909668;1182.116699;2245.163330;1527.081787;1393.413452;2648.616699;1641.046631;1394.785889;2691.514160;1671.834229;1397.382080;2616.095459;1693.363647;1448.193970;2425.901123;1669.351807;1438.362549;2613.889893,./data/jaffe/NM.AN2.105.tiff,2,
1239.889893;1133.894775;2285.680176;1354.218384;1133.734253;2336.419678;1401.404419;1107.281494;2269.613770;1397.953125;1171.086914;2054.707764;1378.831177;1143.817871;2246.535889;1468.345459;1393.515747;2635.863770;1583.768677;1403.817383;2671.093506;1626.346191;1379.735718;2617.208740;1621.757446;1427.488159;2413.533936;1608.992432;1408.186401;2596.204346,./data/jaffe/NM.AN3.106.tiff,2,
1290.234375;1398.668579;2388.709473;1381.762939;1387.659180;2477.306885;1454.869141;1349.648193;2405.385742;1490.110596;1424.259155;2178.038818;1406.665039;1413.958008;2384.051514;1546.249268;1633.095947;2766.885742;1636.414673;1632.100342;2836.927979;1705.994629;1603.994751;2771.756104;1738.629639;1661.328247;2543.357178;1670.483887;1651.292358;2748.059570,./data/jaffe/NM.DI1.107.tiff,2,
1307.332886;1358.757568;2314.917725;1373.769653;1370.060791;2387.740723;1426.951172;1368.620483;2274.662842;1477.339111;1398.513916;2093.476074;1422.790283;1394.764404;2295.506836;1549.888550;1611.330078;2641.684814;1620.101196;1619.479126;2688.363770;1669.751343;1614.977295;2599.568604;1709.328247;1635.106323;2422.387939;1669.842041;1638.341675;2609.540527,./data/jaffe/NM.DI3.109.tiff,1,
1195.296997;1027.368042;2083.914062;1299.697998;1023.542480;2120.681396;1333.799805;1027.942871;2093.365234;1373.314209;1118.796265;1916.054077;1299.820801;1069.596069;2064.782471;1399.848633;1263.743896;2428.819824;1514.921753;1273.633545;2472.846680;1543.366211;1286.786499;2435.265625;1582.907471;1348.390259;2270.975342;1514.464111;1313.911987;2418.760010,./data/jaffe/NM.FE1.110.tiff,3,
1185.565186;1059.851074;2244.734375;1279.053833;1052.153320;2295.577393;1317.576294;1069.815552;2229.631348;1337.411743;1137.191040;2033.309326;1282.803589;1100.968506;2207.751221;1394.989502;1307.305420;2585.499268;1502.989014;1316.513184;2633.788330;1538.129883;1336.912720;2575.500244;1559.443481;1377.994873;2395.364990;1503.647583;1357.226562;2562.609131,./data/jaffe/NM.FE2.111.tiff,3,
1160.297119;1032.173340;1989.346680;1239.650757;1026.295288;2033.473877;1287.872437;1011.011108;2032.729492;1314.473389;1105.403198;1925.764038;1240.671997;1058.495117;1993.762695;1367.138184;1263.791382;2367.928223;1462.930054;1272.838501;2411.531738;1499.267212;1267.206909;2398.292969;1528.381836;1332.720947;2285.933838;1460.973633;1296.693237;2368.944336,./data/jaffe/NM.FE3.112.tiff,3,
1305.607788;1205.421753;2515.987793;1413.850952;1190.694092;2572.704346;1461.922241;1198.600464;2506.656494;1464.583008;1270.103394;2316.496338;1432.170410;1217.766479;2497.924072;1525.997314;1454.732422;2871.509521;1645.785156;1450.543945;2915.458740;1687.597412;1472.540161;2862.031494;1691.357910;1521.469482;2675.969482;1660.357300;1475.308472;2856.442627,./data/jaffe/NM.HA1.95.tiff,1,
1203.021851;1079.951538;2400.200684;1325.425049;1083.738525;2450.890381;1366.008423;1095.676880;2406.076172;1365.695068;1137.286499;2194.617676;1338.030273;1108.511230;2418.016113;1418.674683;1342.774780;2740.852539;1552.298584;1346.460693;2780.362305;1585.483032;1374.519287;2751.041260;1585.961670;1394.178223;2541.822998;1561.741821;1374.045044;2758.044922,./data/jaffe/NM.HA2.96.tiff,1,
1216.218750;1106.783325;2346.903564;1334.669678;1101.645386;2404.599854;1384.606934;1115.289185;2316.004150;1389.209839;1215.827271;2114.805908;1354.637207;1160.368774;2320.421143;1422.491699;1361.905884;2696.884277;1553.153931;1360.634521;2741.552002;1595.052002;1385.348877;2664.862549;1602.146240;1465.764282;2460.779785;1568.244019;1418.877930;2665.610352,./data/jaffe/NM.HA3.97.tiff,1,
1263.566772;1127.173218;2233.506104;1359.230347;1127.962402;2300.498291;1398.912476;1121.345825;2261.310547;1415.040405;1182.268677;2109.693604;1363.535278;1143.345093;2226.507324;1455.333862;1354.182251;2580.821777;1560.133545;1358.287720;2631.163330;1591.894897;1369.130981;2587.460938;1612.271973;1412.719238;2432.993652;1564.744995;1378.056641;2562.751465,./data/jaffe/NM.NE1.92.tiff,1,
1242.299438;1117.079834;2234.357422;1348.150269;1127.611206;2315.063477;1403.581055;1119.677612;2265.649414;1429.525024;1173.597412;2067.367188;1378.531616;1144.692017;2222.572998;1451.094360;1366.391357;2612.921387;1564.548950;1381.861084;2673.442383;1614.874023;1385.771240;2628.183350;1642.964355;1423.908691;2420.915771;1594.905273;1399.763062;2593.863037,./data/jaffe/NM.NE2.93.tiff,1,
1268.908691;1126.996460;2293.676270;1376.624268;1122.252075;2343.953857;1413.603149;1139.286743;2278.691406;1421.782227;1171.400757;2060.578369;1398.250977;1141.295288;2254.267578;1465.979004;1360.856812;2614.000244;1581.401367;1367.406128;2652.980957;1613.080688;1390.488647;2595.412842;1622.994995;1408.818115;2379.754639;1598.782471;1384.484863;2575.985596,./data/jaffe/NM.NE3.94.tiff,1,
1162.060669;1084.744141;2269.265137;1240.601318;1059.580200;2332.835938;1286.045898;1079.829590;2312.613770;1265.608765;1161.797607;2085.485352;1260.074707;1093.109985;2261.062500;1379.812744;1332.716553;2634.678467;1472.118408;1311.791138;2684.074951;1505.247070;1351.308838;2659.372803;1487.428101;1408.230591;2435.460449;1479.275024;1349.606079;2612.017090,./data/jaffe/NM.SA1.98.tiff,2,
1214.872803;1146.864258;2308.244141;1294.118652;1139.711060;2392.862061;1348.123169;1160.705078;2367.635742;1355.760010;1215.745728;2157.965088;1328.949341;1166.175781;2308.999512;1414.863159;1375.264404;2670.286133;1506.732910;1372.311035;2735.271484;1548.658936;1405.621216;2705.553223;1558.875244;1447.970215;2497.972412;1530.149292;1403.115356;2656.526611,./data/jaffe/NM.SA2.99.tiff,2,
1284.879639;1157.254150;2384.915771;1387.606323;1154.953369;2436.493408;1421.079712;1156.110840;2387.918213;1442.054688;1224.822998;2156.964355;1392.272949;1186.293823;2360.991943;1476.400146;1381.477905;2715.282959;1589.854492;1389.069824;2754.918457;1616.116943;1404.234863;2705.825684;1641.330078;1455.767944;2489.119629;1594.552734;1422.132690;2683.461182,./data/jaffe/NM.SA3.100.tiff,2,
1092.806152;1006.071167;1878.636475;1176.364136;1007.944824;1928.930176;1210.249756;980.626038;1914.631592;1245.209961;1053.389526;1719.965210;1184.707886;1019.025391;1903.185425;1288.263428;1225.869141;2246.959717;1385.138672;1237.594849;2292.147461;1415.005371;1217.582886;2275.955566;1450.029175;1273.390869;2079.282227;1393.498535;1247.018066;2254.141602,./data/jaffe/NM.SU1.101.tiff,3,
1077.899536;978.595337;1937.648682;1156.557251;982.794556;2002.551514;1206.738770;963.841980;1995.323120;1222.909546;1046.236328;1769.894531;1167.907227;995.626282;1960.254150;1274.130615;1203.794434;2295.603271;1369.040283;1219.229736;2355.001465;1410.726318;1207.182495;2346.257324;1430.172852;1268.422119;2121.845459;1372.502563;1229.362793;2306.281494,./data/jaffe/NM.SU2.102.tiff,3,
1067.145386;995.508484;1960.125366;1161.777466;1003.855408;2028.228516;1223.316162;976.063232;2022.814087;1250.320679;1054.851074;1802.239258;1181.270264;1014.829041;2001.596069;1276.620972;1222.496826;2308.899902;1380.742920;1240.359009;2371.443604;1433.797974;1217.610474;2367.255615;1464.872681;1283.696533;2149.224609;1400.060303;1254.147461;2343.029297,./data/jaffe/NM.SU3.103.tiff,3,
1182.029053;1058.900146;2213.472656;1248.103271;1044.421997;2292.634277;1278.919800;1010.557068;2223.652344;1285.284180;1002.445312;2097.224609;1288.903931;1032.530518;2228.820068;1357.625366;1270.982300;2550.486572;1433.138794;1270.213501;2616.458984;1451.504028;1231.354492;2550.619385;1454.931030;1220.068115;2447.325928;1464.363037;1266.322876;2569.979980,./data/jaffe/TM.AN1.190.tiff,2,
1231.545166;957.686890;2229.420898;1308.424194;930.842346;2283.482910;1334.358521;850.019287;2221.278076;1345.180664;823.372742;2048.222656;1351.556152;867.677368;2210.611328;1407.645264;1144.276611;2563.133545;1493.833496;1141.456665;2606.930908;1512.924561;1055.410278;2546.764893;1523.152710;1025.763672;2397.319824;1525.962646;1090.834106;2550.019287,./data/jaffe/TM.AN2.191.tiff,2,
1173.459229;974.037842;2176.758789;1241.678223;944.080872;2244.269043;1276.052734;898.366089;2115.028564;1285.765381;882.437439;1942.742065;1283.643433;891.087830;2184.977295;1348.815186;1172.379272;2491.430420;1428.272827;1161.786743;2548.046143;1457.159546;1111.861084;2445.904053;1463.544067;1092.974854;2300.935547;1462.230591;1125.477295;2505.276123,./data/jaffe/TM.AN3.192.tiff,2,
1211.090820;852.768860;1775.692139;1286.152954;811.533997;1829.186646;1325.011963;782.181885;1794.923462;1308.676880;799.301697;1682.289062;1352.712402;790.335999;1749.530273;1418.921997;1065.076172;2148.761230;1502.341675;1042.170166;2182.292236;1530.164795;1015.001282;2127.515381;1517.153442;1022.930847;2021.008423;1553.004272;1022.072388;2094.307129,./data/jaffe/TM.DI1.193.tiff,4,
1241.839478;1002.400513;2002.796143;1322.850586;953.809204;2045.325439;1349.564453;919.294250;1990.432373;1316.981079;940.179443;1871.996582;1366.442505;951.681702;1992.681152;1449.268188;1215.998169;2377.032715;1538.486938;1179.857056;2407.266602;1552.797241;1148.731934;2335.897461;1524.891968;1161.704468;2220.783936;1564.487061;1184.645508;2347.912354,./data/jaffe/TM.DI2.194.tiff,4,
1282.461548;1021.790833;2040.328735;1379.518799;979.734070;2090.102051;1389.017822;935.922363;2034.631592;1364.822876;965.271545;1916.792847;1391.653564;972.999451;1999.043457;1475.194946;1230.299194;2404.865723;1580.449097;1201.330566;2441.624268;1582.115967;1160.115112;2374.347656;1561.261353;1181.503296;2251.675049;1584.053711;1203.581909;2347.693604,./data/jaffe/TM.DI3.195.tiff,4,
978.785767;957.476562;1792.448730;1028.506226;943.589417;1870.542725;1060.695679;951.220520;1807.875854;1038.576782;954.154541;1782.765015;1042.169556;963.828857;1864.373901;1187.021851;1163.300659;2160.182129;1248.464966;1149.728271;2222.091064;1275.540039;1157.312744;2136.803223;1248.811523;1154.881470;2100.806885;1254.857300;1172.532349;2192.030029,./data/jaffe/TM.FE1.196.tiff,4,
907.305298;924.062927;1684.702759;947.141235;905.931641;1765.142944;954.739258;920.940857;1689.718140;948.104370;925.916382;1641.964600;946.629211;938.999207;1747.332397;1113.858398;1134.441772;2047.390015;1170.723633;1117.688721;2118.838623;1172.144409;1129.520630;2016.534546;1156.278198;1132.508667;1962.598145;1162.461426;1150.088989;2074.773926,./data/jaffe/TM.FE2.197.tiff,4,
936.942444;951.221313;1699.398804;983.544678;926.998230;1781.771729;999.733276;921.874023;1710.391113;973.664368;942.576233;1705.989258;993.071472;969.670654;1783.426270;1129.299316;1140.837891;2051.707520;1191.185303;1123.442017;2112.452148;1202.868530;1116.893066;2025.417847;1172.503662;1134.774902;2007.453857;1194.961792;1164.359375;2094.135010,./data/jaffe/TM.FE3.198.tiff,3,
993.950684;997.373962;1811.296387;1054.793945;976.986755;1887.667114;1107.584839;951.958801;1851.172729;1091.569946;990.826721;1850.182251;1093.700317;962.949707;1875.657715;1184.290894;1188.787720;2148.283203;1256.102417;1177.419312;2209.666992;1300.879150;1164.404053;2167.682861;1279.318359;1187.250610;2158.565186;1280.208252;1168.992432;2194.663574,./data/jaffe/TM.HA1.180.tiff,1,
1048.239990;957.302673;1771.163086;1128.058838;946.359009;1846.783691;1157.481445;912.854126;1793.843262;1159.076172;948.529785;1787.460327;1158.502930;929.724915;1825.623169;1243.375366;1177.449585;2160.629639;1336.241333;1167.112427;2208.626709;1357.006348;1145.520020;2144.375488;1349.849609;1161.677246;2110.658691;1349.986816;1158.626221;2176.568115,./data/jaffe/TM.HA2.181.tiff,1,
1016.482361;944.010193;1933.767456;1107.862793;908.072815;1972.342163;1125.333740;887.395325;1941.424561;1125.239624;926.314026;1917.771729;1133.387329;920.013306;1944.932495;1202.549072;1160.455688;2254.277588;1304.105957;1133.946045;2287.546143;1310.128540;1112.499268;2249.279053;1307.940796;1136.193481;2225.354004;1313.144531;1143.601196;2259.988525,./data/jaffe/TM.HA3.182.tiff,1,
994.522217;965.006104;1988.805542;1071.954956;960.160767;2065.559570;1126.586060;973.006470;1986.046631;1113.884521;1009.243774;1890.742554;1105.104370;976.507751;2011.388550;1193.213989;1182.785522;2339.891602;1283.864502;1177.244507;2403.090332;1324.024170;1201.828613;2319.432617;1306.989868;1219.875488;2225.696289;1302.609253;1200.319092;2348.761963,./data/jaffe/TM.NE1.177.tiff,1,
1010.976562;979.924011;1901.090942;1088.287842;979.944763;1988.023682;1139.985840;973.818909;1934.982666;1143.114136;1031.106567;1889.391235;1125.234985;988.463379;1945.446167;1191.865356;1184.923462;2255.725586;1279.818970;1188.370605;2323.913574;1321.081665;1195.425903;2262.840088;1322.575684;1230.276489;2216.036133;1305.484497;1203.672729;2277.552734,./data/jaffe/TM.NE2.178.tiff,1,
1008.600525;943.962341;1941.904663;1078.682739;948.544250;2006.131592;1131.619751;952.893799;1960.968262;1138.403442;993.932129;1911.115601;1118.306641;965.204346;1958.584473;1194.127441;1152.449585;2288.916748;1276.875610;1159.406738;2341.365967;1317.183350;1179.410400;2286.719971;1320.532227;1201.500610;2239.375977;1303.033081;1185.371338;2295.473633,./data/jaffe/TM.NE3.179.tiff,1,
1008.825317;1020.484375;2014.226807;1072.625488;1008.109985;2090.669922;1097.201172;997.840759;2045.926270;1078.845093;1032.191406;1996.023804;1083.451416;1041.053467;2061.246094;1215.234863;1240.566284;2361.397705;1294.838257;1226.197632;2427.017578;1300.775879;1220.817627;2374.358398;1278.784424;1240.687866;2322.077393;1288.979126;1258.342529;2397.092529,./data/jaffe/TM.SA1.184.tiff,2,
1073.300537;920.931763;1964.587036;1168.489746;893.958313;2038.095337;1187.805176;875.123352;1927.115112;1182.729004;878.108643;1813.192871;1189.629272;907.575806;1967.263672;1253.400024;1121.962036;2297.039307;1359.199219;1109.448730;2358.953369;1367.556274;1082.805664;2254.501953;1360.078613;1084.452759;2146.073730;1365.305786;1122.628662;2299.424316,./data/jaffe/TM.SA2.185.tiff,2,
1040.829224;940.274841;1984.614746;1127.221436;908.965881;2059.701416;1157.109131;900.562378;2016.299072;1146.174805;924.913086;1916.660034;1148.029541;946.751465;1999.997314;1228.685303;1145.900269;2319.494385;1326.708130;1126.167114;2379.788574;1343.417969;1112.884644;2337.050537;1328.458130;1131.280762;2247.257812;1329.976074;1160.120117;2331.525146,./data/jaffe/TM.SA3.186.tiff,2,
1104.461426;968.301636;1911.328735;1184.326904;954.469788;1988.362915;1230.164917;977.186340;1946.206299;1244.695801;1013.040344;1892.588379;1213.609253;998.444336;1922.957520;1280.335938;1174.754150;2274.625977;1375.512573;1168.483154;2338.601074;1408.975098;1201.982056;2267.025391;1421.913086;1223.182007;2215.287598;1393.328735;1217.005737;2263.294922,./data/jaffe/TM.SU1.187.tiff,3,
1018.934692;891.153381;1763.360352;1105.652588;881.818909;1847.668457;1156.905518;925.179626;1803.673462;1166.432617;965.614563;1761.641602;1131.337769;935.064636;1793.392700;1190.641479;1087.092285;2127.705811;1287.742188;1082.970947;2196.189941;1328.507568;1138.146729;2120.466797;1336.770264;1164.268555;2078.797119;1306.006470;1144.829590;2123.501953,./data/jaffe/TM.SU2.188.tiff,3,
1091.801270;900.535034;1870.151978;1170.525391;888.962219;1940.898071;1235.741333;919.318054;1903.647095;1244.576050;967.719116;1870.751221;1201.190186;909.343567;1881.804321;1273.729370;1102.092529;2232.711670;1362.874634;1091.778564;2288.946777;1413.544067;1141.109009;2228.187744;1421.097412;1169.689209;2188.677734;1382.885864;1125.108643;2217.073730,./data/jaffe/TM.SU3.189.tiff,3,
940.325684;992.565552;1978.368408;977.451111;943.187561;1996.563965;1017.814453;941.908630;1928.106567;1044.669556;1003.900452;1811.210938;1024.244385;950.252380;1925.403320;1122.268677;1211.623291;2287.999512;1167.476196;1177.109741;2301.344971;1199.703857;1175.113525;2243.890381;1227.538940;1222.187988;2136.286621;1211.747192;1189.658813;2249.171875,./data/jaffe/UY.AN1.146.tiff,2,
1038.173340;1073.539307;2104.565918;1081.839355;1006.884644;2132.797607;1115.434082;985.263794;2071.444336;1140.387085;1041.406616;1911.784302;1132.913818;1005.422180;2057.795410;1218.805542;1290.322754;2412.921875;1276.895996;1244.891846;2432.211914;1304.190063;1222.194458;2384.094238;1328.193848;1262.606079;2245.302734;1321.044189;1245.331421;2378.561768,./data/jaffe/UY.AN2.147.tiff,2,
956.825989;955.301819;2023.850098;1006.090149;907.867188;2048.612793;1058.130981;930.720886;1960.156494;1068.330444;988.066956;1799.271729;1053.132568;931.371155;1967.678467;1137.039795;1179.904907;2321.118164;1198.893311;1151.987183;2340.117676;1242.192505;1166.493164;2267.372559;1255.777344;1204.328491;2121.401123;1245.223511;1169.791260;2277.591553,./data/jaffe/UY.AN3.148.tiff,2,
881.731323;982.035950;2128.157715;906.632507;907.415527;2182.692871;954.209351;927.457275;2098.110352;941.693115;978.384338;1874.772339;952.592834;931.423157;2076.881104;1073.636230;1210.590210;2426.522461;1109.221069;1159.633423;2461.767090;1156.588867;1170.723511;2397.217041;1139.927490;1204.358887;2192.480469;1149.071899;1176.009521;2381.445068,./data/jaffe/UY.DI1.149.tiff,2,
1031.015991;1242.470947;2354.008301;1038.602295;1147.871460;2399.085693;1042.145752;1150.727051;2303.094238;1017.946228;1192.652100;2098.778320;1062.122070;1161.928223;2332.959717;1247.193604;1473.767456;2670.905518;1268.440430;1408.418823;2700.557373;1268.684082;1400.661621;2629.024170;1233.197632;1427.230591;2438.824707;1284.863281;1412.795410;2652.161377,./data/jaffe/UY.DI2.150.tiff,4,
917.659241;1134.676392;2193.040283;956.339417;1087.618530;2236.727783;979.684265;1081.422729;2168.208984;957.300903;1124.308960;1982.610962;975.241333;1092.776733;2181.563965;1125.277222;1358.581299;2487.523193;1175.233398;1330.263916;2520.538818;1189.824829;1323.805298;2473.044922;1157.056885;1353.377563;2306.371094;1182.934937;1329.440430;2485.149902,./data/jaffe/UY.DI3.151.tiff,2,
946.770325;1170.245972;2294.202393;983.454346;1112.677368;2351.524658;1056.102661;1116.547485;2276.666748;1062.948486;1185.632812;2061.410889;1025.337891;1142.230957;2245.398682;1148.474365;1410.566162;2617.580811;1203.218750;1377.978149;2659.609375;1269.051392;1379.503662;2596.847656;1268.795410;1427.970459;2401.067871;1237.434692;1400.974121;2578.839355,./data/jaffe/UY.FE1.152.tiff,2,
877.014160;1095.529053;2188.423340;910.193176;1053.816162;2259.093994;970.343506;1056.222412;2184.759277;944.453613;1116.577637;1971.531006;937.294312;1065.855469;2183.071045;1066.397949;1325.621216;2495.520020;1112.914917;1299.574585;2544.225830;1171.400635;1304.543091;2486.622070;1139.200806;1346.825806;2298.249512;1136.271240;1311.590332;2490.186523,./data/jaffe/UY.FE2.153.tiff,2,
923.704407;1103.848877;2093.378662;943.915283;1054.634155;2191.288574;1012.705994;1050.626953;2118.460449;1002.606873;1108.668335;1935.054688;985.012817;1059.951172;2105.502930;1110.988525;1318.975342;2420.907715;1145.933594;1292.159546;2492.950439;1210.717529;1290.791016;2433.736816;1194.910767;1329.755493;2257.860840;1183.361694;1296.151733;2423.378906,./data/jaffe/UY.FE3.154.tiff,2,
1036.155762;1083.428467;2303.523193;1060.216064;1013.043823;2329.652344;1111.446899;992.209167;2281.757812;1126.417725;1045.592407;2118.313965;1099.237427;1014.066711;2300.028809;1218.148682;1307.575439;2592.689209;1261.180420;1266.434204;2610.748535;1300.983032;1241.289673;2575.759521;1315.850220;1276.195190;2421.927002;1286.474365;1257.795044;2590.402344,./data/jaffe/UY.HA1.137.tiff,1,
1042.067993;1063.622925;2223.590576;1076.990479;1004.342468;2252.701172;1114.888062;986.522766;2208.624512;1130.252563;1043.712158;2060.843262;1115.806519;996.582092;2205.750732;1212.017456;1282.246460;2521.659668;1267.409546;1246.469971;2542.075195;1297.197998;1229.014771;2507.482910;1316.229248;1268.038330;2358.816895;1296.770264;1235.018799;2506.683594,./data/jaffe/UY.HA2.138.tiff,1,
1054.452637;1071.161743;2313.220215;1088.743286;995.743408;2350.073730;1136.338135;978.354614;2328.002197;1143.904541;1025.397339;2211.007080;1126.874023;981.895508;2276.304199;1238.672119;1292.071777;2609.014893;1287.428589;1246.213257;2636.051270;1324.279541;1222.613892;2623.061523;1336.993652;1249.405396;2525.066162;1314.859863;1220.331177;2579.696533,./data/jaffe/UY.HA3.139.tiff,1,
1025.702637;1018.521606;2178.376465;1056.871704;963.774292;2209.891602;1123.111084;959.269104;2170.061279;1142.415405;1039.708130;2039.081909;1111.161621;967.630432;2139.196045;1196.992188;1228.092285;2474.925293;1246.121582;1194.676880;2497.917480;1306.854370;1190.276855;2465.278809;1322.579834;1251.433716;2356.417725;1289.501587;1201.621826;2445.460449,./data/jaffe/UY.NE1.134.tiff,1,
936.532959;862.501160;2025.185913;974.191589;797.119080;2067.838379;1021.221313;805.387939;2032.749390;1032.054565;867.897644;1885.720459;1005.700439;825.946289;1998.740845;1122.268188;1098.642334;2339.752441;1171.328003;1052.210693;2371.152588;1214.414795;1047.206299;2339.353271;1224.174438;1088.975952;2205.901611;1192.849731;1064.113037;2313.553467,./data/jaffe/UY.NE2.135.tiff,1,
973.315491;1083.254517;2167.012207;1019.711548;1032.022827;2206.116943;1068.005493;1035.231201;2168.297363;1085.264404;1108.305054;2051.243652;1064.802368;1048.825317;2154.815186;1154.352173;1297.633911;2479.889893;1214.771484;1263.712524;2503.175781;1255.693115;1269.633667;2472.541504;1273.960205;1322.712036;2367.847168;1256.782227;1278.465332;2466.141357,./data/jaffe/UY.NE3.136.tiff,1,
1105.883667;1152.058350;2422.794922;1143.416382;1056.535522;2447.840088;1177.333862;1048.627441;2386.680664;1200.263306;1120.329468;2208.504639;1179.005249;1073.414062;2361.333496;1311.218750;1400.358276;2747.170410;1362.246216;1333.750732;2766.621094;1385.928711;1309.849243;2717.211670;1412.666138;1361.449341;2553.431885;1388.657715;1333.104004;2699.660889,./data/jaffe/UY.SA1.140.tiff,2,
1045.251709;1092.144409;2177.077637;1074.131592;1015.977417;2200.427490;1101.415161;1016.941772;2146.696045;1124.584595;1074.809082;2014.489380;1107.791626;1035.317993;2144.577881;1233.027832;1324.493042;2488.869385;1282.102051;1273.374512;2506.677246;1295.517700;1263.202026;2465.363037;1323.972412;1300.441406;2337.388672;1301.866211;1279.735474;2465.779541,./data/jaffe/UY.SA2.141.tiff,2,
1045.357300;1091.875000;2254.444336;1085.829956;1004.270935;2281.799316;1122.510010;992.319458;2240.654053;1146.334717;1067.673218;2105.255371;1128.432129;1018.386353;2224.846436;1238.225464;1333.530640;2574.845215;1290.973877;1267.604858;2596.084473;1316.770874;1244.122192;2565.217041;1343.982300;1295.770020;2435.031250;1324.947144;1266.550049;2551.995117,./data/jaffe/UY.SA3.142.tiff,2,
929.468750;1005.117188;2176.677979;963.787109;942.673950;2239.303711;1044.816895;945.839722;2175.966309;1061.639282;1034.688965;2016.626465;1036.933105;963.168274;2182.606201;1118.316772;1237.688354;2514.232910;1173.905640;1196.190674;2565.899658;1239.948608;1192.700317;2507.197754;1260.493896;1259.472168;2344.369385;1234.701782;1210.947021;2511.837646,./data/jaffe/UY.SU1.143.tiff,3,
1029.568481;1119.684082;2255.732178;1060.638062;1058.906860;2330.125488;1141.271240;1059.266479;2252.868164;1162.833252;1161.888062;2084.229980;1142.127686;1075.103271;2242.051758;1216.753540;1346.556030;2588.010498;1266.118530;1310.940186;2645.340576;1339.593994;1308.877319;2579.065674;1364.138794;1384.415283;2413.227295;1339.349854;1325.602905;2575.584473,./data/jaffe/UY.SU2.144.tiff,3,
950.819641;999.286255;2143.277344;990.597168;926.812988;2211.561523;1083.046753;940.182983;2130.120117;1103.696411;1011.145447;1960.398804;1074.518677;954.969482;2113.580811;1131.362793;1217.366821;2452.464111;1184.551636;1171.445312;2502.711670;1269.178589;1174.688477;2438.185791;1294.563354;1229.484253;2281.848633;1264.048950;1191.429565;2427.292236,./data/jaffe/UY.SU3.145.tiff,1,
1263.903809;1085.613159;2251.887695;1296.579102;1115.131470;2268.616943;1351.694092;1095.056030;2167.005371;1301.589478;1083.363647;1924.446411;1324.113892;1095.344727;2127.028809;1420.357910;1291.935059;2524.987061;1465.147095;1318.848511;2536.345215;1507.802002;1299.766479;2446.470947;1460.245605;1285.311890;2205.242188;1478.425903;1305.052979;2406.948486,./data/jaffe/YM.AN1.61.tiff,4,
1412.736450;1132.915039;2414.415039;1460.302124;1147.512451;2405.367676;1502.514526;1095.177368;2334.409668;1488.208496;1124.633545;2122.170166;1490.658936;1099.867920;2280.588867;1567.942749;1346.570679;2674.789551;1626.433105;1364.088379;2669.323242;1664.567139;1313.962524;2620.180908;1648.661377;1330.853149;2439.040771;1652.041138;1323.362671;2579.925781,./data/jaffe/YM.AN2.62.tiff,4,
1304.432007;1076.603149;2348.043457;1348.917847;1101.647461;2375.463867;1384.552979;1060.459229;2252.631104;1359.625977;1077.882080;1979.663208;1366.772217;1053.011230;2267.579346;1460.163818;1290.063721;2625.669922;1512.740845;1314.440674;2640.658447;1542.885254;1274.730103;2528.837158;1517.713989;1281.848145;2287.567139;1525.203613;1272.012451;2546.261475,./data/jaffe/YM.AN3.63.tiff,4,
1330.321045;1018.248291;2271.648926;1391.064087;995.223633;2329.939209;1408.709106;966.483887;2283.035400;1385.798584;996.884033;2058.416260;1407.730835;1004.360718;2252.777344;1492.433960;1231.115479;2537.440674;1563.237793;1218.091919;2592.315186;1576.257202;1185.868652;2549.715576;1552.744263;1203.559082;2335.720947;1575.320068;1223.942871;2518.170654,./data/jaffe/YM.DI1.64.tiff,2,
1253.052856;1017.520630;2238.033203;1313.451782;999.476685;2300.782471;1357.794678;989.555054;2223.287354;1350.562500;992.507263;1989.042114;1350.453613;999.990295;2204.662109;1387.819336;1212.385986;2481.125000;1455.352173;1203.883789;2532.752197;1494.811157;1184.052490;2469.716309;1484.846436;1181.833130;2230.568604;1486.081543;1202.797363;2446.267334,./data/jaffe/YM.DI2.65.tiff,2,
1292.397827;1049.299316;2274.764404;1321.424316;1029.750732;2346.946289;1360.335327;996.461731;2309.531738;1362.556763;1018.712036;2091.665771;1352.469604;1027.938965;2273.015625;1443.315552;1254.614136;2534.288086;1481.739624;1241.868774;2599.749512;1521.527222;1202.005981;2566.691406;1516.649902;1214.802246;2361.812744;1506.072632;1240.975098;2537.553467,./data/jaffe/YM.DI3.66.tiff,2,
1268.872437;1140.563110;2622.736328;1337.385864;1131.902954;2678.630615;1380.758179;1117.592041;2577.402588;1361.527954;1116.241821;2324.716797;1374.636230;1132.496826;2584.477295;1431.053589;1351.567261;2895.228516;1507.131836;1348.967407;2942.048584;1536.899902;1333.480835;2861.181641;1517.225830;1325.296509;2605.307373;1528.022217;1348.932373;2863.774414,./data/jaffe/YM.FE1.67.tiff,2,
1087.510620;854.992859;1990.301147;1175.594604;840.037781;2104.799561;1225.092041;821.247559;2134.441895;1267.835938;858.114502;1975.552979;1197.759033;844.554077;2081.394043;1317.957764;1120.723633;2425.879395;1409.664307;1113.614136;2525.803711;1455.483398;1110.665283;2533.565186;1488.135010;1122.893066;2362.024414;1431.621826;1122.665283;2500.328613,./data/jaffe/YM.FE2.68.tiff,2,
1085.720825;886.532166;1949.501221;1133.380615;886.505310;2065.911377;1196.701782;860.340881;2051.681396;1222.167603;894.461487;1912.410889;1186.983154;871.542297;1989.391724;1310.988037;1160.826050;2383.746094;1369.396851;1163.366821;2483.138672;1425.792358;1165.461060;2452.412598;1440.675659;1166.406494;2313.237305;1413.040039;1157.018188;2408.969971,./data/jaffe/YM.FE3.69.tiff,2,
1071.776733;859.611877;2054.491943;1141.445557;857.981689;2159.397217;1202.444580;832.848206;2135.725830;1237.817627;873.451111;1965.594360;1176.878052;840.822510;2067.567383;1282.563965;1118.520020;2447.723877;1366.137085;1119.927979;2542.001221;1412.850220;1116.441895;2509.799072;1442.726196;1128.191284;2338.222412;1387.340576;1111.151978;2458.868896,./data/jaffe/YM.FE4.70.tiff,2,
1203.982910;971.928223;2260.818115;1265.954468;945.658569;2277.719727;1302.064941;918.564453;2255.092773;1296.788452;933.546631;2110.304199;1284.365845;946.088623;2232.187500;1387.038574;1193.013794;2531.303223;1462.833374;1177.833252;2549.021240;1484.199219;1144.681030;2526.539062;1480.924072;1148.661255;2397.330811;1471.897217;1173.833374;2509.009521,./data/jaffe/YM.HA1.52.tiff,1,
1360.508911;1213.284912;2337.152832;1414.111816;1203.355957;2332.807617;1465.122070;1229.752197;2327.986816;1430.481812;1237.631958;2226.942871;1459.947754;1204.255371;2342.908203;1511.893433;1425.526611;2616.235107;1571.258789;1416.617188;2616.121338;1610.635986;1437.118774;2609.556152;1582.035889;1437.757935;2513.726318;1607.251343;1418.585693;2623.227783,./data/jaffe/YM.HA2.53.tiff,1,
1353.537109;1158.538208;2366.829102;1421.054321;1138.782837;2361.651611;1457.946777;1136.127563;2341.138916;1455.878174;1142.452759;2218.457764;1448.144043;1136.762329;2361.327881;1494.420532;1365.200439;2625.229492;1572.110718;1350.687134;2628.222168;1597.385742;1342.742065;2602.127686;1599.209961;1342.561646;2495.904297;1594.883179;1350.270996;2626.883545,./data/jaffe/YM.HA3.54.tiff,1,
1134.206665;888.935791;2125.688965;1177.961914;876.184387;2193.639160;1250.172974;868.234802;2090.185791;1239.121460;932.684509;1895.000488;1221.057739;882.162720;2097.569336;1358.254761;1149.668823;2505.150391;1410.489990;1150.288330;2552.114258;1468.838745;1138.869019;2470.618164;1460.878540;1182.861206;2274.017334;1448.104858;1154.174927;2485.440674,./data/jaffe/YM.NE1.49.tiff,1,
1136.214600;852.301270;1992.682129;1188.854370;840.518066;2035.338379;1248.557739;806.304260;1986.874512;1237.993530;879.376892;1840.606323;1223.156372;818.268982;1961.511108;1344.597168;1090.273071;2349.086182;1408.828857;1093.480835;2373.898193;1457.334595;1066.606934;2345.603271;1445.248657;1112.246094;2216.255615;1438.064087;1076.947998;2331.720947,./data/jaffe/YM.NE2.50.tiff,1,
1140.888184;920.959473;2089.053223;1196.733765;926.862122;2127.210693;1255.935059;892.266602;2094.318359;1249.894531;969.242004;1985.489868;1227.541870;914.453186;2080.967285;1340.978394;1158.406616;2436.797607;1404.884155;1172.234497;2458.775391;1456.354248;1144.882080;2437.944092;1449.632568;1198.626587;2337.461914;1434.800781;1167.674194;2431.899658,./data/jaffe/YM.NE3.51.tiff,1,
1335.293457;1110.369873;2468.069580;1388.959473;1093.249146;2502.961914;1431.346802;1093.915161;2437.994385;1410.576904;1118.074707;2300.117188;1400.039795;1118.314697;2453.602295;1479.274048;1319.530396;2728.493164;1543.199829;1312.381104;2752.555664;1573.101318;1305.754028;2704.760010;1554.337280;1317.659790;2576.179688;1546.525513;1329.703247;2721.245605,./data/jaffe/YM.SA1.55.tiff,2,
1403.151123;1152.620728;2542.650391;1462.295898;1126.825684;2564.293457;1494.514893;1158.291138;2496.238037;1449.724487;1160.606689;2331.327881;1466.164551;1162.133423;2525.402344;1542.951416;1355.726685;2787.032471;1610.421875;1338.428711;2806.483643;1630.214600;1358.452393;2752.066895;1591.684570;1354.256226;2600.322266;1604.751465;1361.907471;2778.670166,./data/jaffe/YM.SA2.56.tiff,2,
1403.455933;1154.642822;2503.499268;1471.005371;1139.285034;2509.947998;1507.293945;1153.003906;2496.359375;1495.445923;1178.417969;2252.843994;1487.877197;1171.377563;2473.562988;1535.617676;1355.173462;2717.805420;1611.410034;1341.910889;2724.597412;1636.657227;1352.460449;2717.609131;1625.782227;1366.409058;2503.284180;1618.989868;1365.566040;2700.766357,./data/jaffe/YM.SA3.57.tiff,2,
1400.597534;1196.386475;2249.700684;1470.634277;1207.313965;2355.000732;1530.865845;1196.009277;2376.959229;1537.509033;1254.475952;2296.377930;1496.722656;1220.365234;2392.804688;1540.047485;1401.773438;2600.380615;1616.723511;1415.918945;2698.081055;1668.276855;1404.291870;2712.463135;1674.616821;1452.303589;2635.071289;1633.680176;1429.527222;2718.925293,./data/jaffe/YM.SU1.58.tiff,3,
1354.343628;1167.361694;2362.088135;1428.062500;1171.322876;2415.591553;1476.474121;1152.758301;2431.572266;1465.913330;1205.858887;2344.172852;1442.882202;1166.139648;2444.276855;1505.160156;1376.226440;2708.607422;1588.271362;1387.202637;2759.359863;1627.828491;1373.321045;2762.920898;1616.969116;1410.897095;2669.281494;1589.157471;1387.556152;2774.704590,./data/jaffe/YM.SU2.59.tiff,3,